0.01,0.233945479
0.02,0.238166369
0.03,0.232816728
0.04,0.227229608
0.05,0.222283986
0.06,0.219495135
0.07,0.217143101
0.08,0.214973511
0.09,0.212980285
0.1,0.211147653
0.11,0.209458065
0.12,0.207895028
0.13,0.206443802
0.14,0.205091581
0.15,0.203826075
0.16,0.202640296
0.17,0.201524819
0.18,0.200472593
0.19,0.199477504
0.2,0.198534225
0.21,0.197638126
0.22,0.196785115
0.23,0.195971589
0.24,0.195194378
0.25,0.194450644
0.26,0.193782514
0.27,0.193143069
0.28,0.192530273
0.29,0.191942326
0.3,0.191377555
0.31,0.190834459
0.32,0.190311651
0.33,0.189807934
0.34,0.189322148
0.35,0.188853252
0.36,0.188400285
0.37,0.187962358
0.38,0.187538693
0.39,0.187128521
0.4,0.186731145
0.41,0.186345911
0.42,0.185972256
0.43,0.185609605
0.44,0.18525744
0.45,0.184915255
0.46,0.184582645
0.47,0.184259163
0.48,0.183944414
0.49,0.183638004
0.5,0.183339629
0.51,0.183048937
0.52,0.18276562
0.53,0.182489387
0.54,0.18221994
0.55,0.181957063
0.56,0.181788799
0.57,0.181802503
0.58,0.181816253
0.59,0.181830087
0.6,0.181843986
0.61,0.181938731
0.62,0.18203065
0.63,0.182122634
0.64,0.182214662
0.65,0.182306772
0.66,0.182398946
0.67,0.182491164
0.68,0.182583463
0.69,0.182675825
0.7,0.18276825
0.71,0.182860717
0.72,0.182953265
0.73,0.183045875
0.74,0.183138546
0.75,0.18323126
0.76,0.183324053
0.77,0.183416907
0.78,0.183509821
0.79,0.183602777
0.8,0.183695811
0.81,0.183788906
0.82,0.183882041
0.83,0.183975254
0.84,0.184068526
0.85,0.184161857
0.86,0.184255228
0.87,0.184348677
0.88,0.184442183
0.89,0.184535748
0.9,0.184629352
0.91,0.185884831
0.92,0.18965127
0.93,0.196268025
0.94,0.203851878
0.95,0.211435731
0.96,0.219019584
0.97,0.226603437
0.98,0.234187289
0.99,0.241771142
1,0.249354995
1.01,0.256938848
1.02,0.2645227
1.03,0.272106553
1.04,0.279690406
1.05,0.287274259
1.06,0.286639179
1.07,0.286006946
1.08,0.285377538
1.09,0.284750954
1.1,0.284127174
1.11,0.283506182
1.12,0.282887953
1.13,0.282272462
1.14,0.281659708
1.15,0.28104966
1.16,0.280046022
1.17,0.279032208
1.18,0.278022716
1.19,0.277017564
1.2,0.276016704
1.21,0.275020095
1.22,0.274027767
1.23,0.273039593
1.24,0.272055652
1.25,0.271075861
1.26,0.270102469
1.27,0.269147924
1.28,0.268206396
1.29,0.267275678
1.3,0.266354636
1.31,0.26544283
1.32,0.264539694
1.33,0.263645033
1.34,0.262758487
1.35,0.26187999
1.36,0.261009273
1.37,0.260146265
1.38,0.259290841
1.39,0.258442921
1.4,0.257602355
1.41,0.256769049
1.42,0.25594279
1.43,0.255123553
1.44,0.254311268
1.45,0.253505882
1.46,0.252707358
1.47,0.251915627
1.48,0.251130749
1.49,0.250352587
1.5,0.249581138
1.51,0.248816412
1.52,0.248058357
1.53,0.247306988
1.54,0.246562211
1.55,0.24582408
1.56,0.245092503
1.57,0.244367548
1.58,0.243649135
1.59,0.24293727
1.6,0.24223193
1.61,0.241533113
1.62,0.240840797
1.63,0.240155013
1.64,0.239475647
1.65,0.238802814
1.66,0.238136437
1.67,0.23747648
1.68,0.23682302
1.69,0.236175976
1.7,0.235535363
1.71,0.234901178
1.72,0.23427339
1.73,0.233652045
1.74,0.233037091
1.75,0.232428594
1.76,0.231826438
1.77,0.231230701
1.78,0.230641345
1.79,0.230058395
1.8,0.22948181
1.81,0.228911619
1.82,0.228347848
1.83,0.227790437
1.84,0.227239391
1.85,0.226694706
1.86,0.226156408
1.87,0.225624484
1.88,0.22509893
1.89,0.224579763
1.9,0.22406699
1.91,0.223560574
1.92,0.223060547
1.93,0.222566873
1.94,0.222079569
1.95,0.221598679
1.96,0.22077408
1.97,0.219951952
1.98,0.219133426
1.99,0.218318432
2,0.217506961
2.01,0.216754162
2.02,0.216002379
2.03,0.2152553
2.04,0.214512815
2.05,0.213774886
2.06,0.213041462
2.07,0.212312544
2.08,0.211587981
2.09,0.210867852
2.1,0.210152009
2.11,0.209440405
2.12,0.208733099
2.13,0.20802996
2.14,0.20733096
2.15,0.206636046
2.16,0.205945239
2.17,0.205258409
2.18,0.204575621
2.19,0.203896782
2.2,0.203221826
2.21,0.20255076
2.22,0.201883563
2.23,0.201220145
2.24,0.200560542
2.25,0.199904664
2.26,0.199252475
2.27,0.198603979
2.28,0.197959167
2.29,0.197317935
2.3,0.196680293
2.31,0.19604622
2.32,0.195415702
2.33,0.194788653
2.34,0.194165062
2.35,0.193544942
2.36,0.192928282
2.37,0.192314951
2.38,0.191704998
2.39,0.191098425
2.4,0.190495125
2.41,0.189895133
2.42,0.189298411
2.43,0.188704917
2.44,0.188114659
2.45,0.187527628
2.46,0.186943708
2.47,0.186362973
2.48,0.185785371
2.49,0.185210856
2.5,0.184639444
2.51,0.184071097
2.52,0.183505758
2.53,0.182943454
2.54,0.182384172
2.55,0.181827863
2.56,0.181274483
2.57,0.180724082
2.58,0.180176591
2.59,0.179632009
2.6,0.179090257
2.61,0.178551421
2.62,0.178015443
2.63,0.177482267
2.64,0.176951905
2.65,0.17642432
2.66,0.175899489
2.67,0.175377447
2.68,0.174858126
2.69,0.174341569
2.7,0.173827686
2.71,0.173316471
2.72,0.172807942
2.73,0.172302089
2.74,0.171798836
2.75,0.171298227
2.76,0.170800208
2.77,0.170304803
2.78,0.169811912
2.79,0.169321624
2.8,0.168833876
2.81,0.168348656
2.82,0.167865956
2.83,0.167385757
2.84,0.166908013
2.85,0.166432772
2.86,0.165959938
2.87,0.165489565
2.88,0.16502162
2.89,0.16455607
2.9,0.164092922
2.91,0.163632168
2.92,0.163173769
2.93,0.162717732
2.94,0.162264031
2.95,0.161812648
2.96,0.161363589
2.97,0.160916827
2.98,0.16047235
2.99,0.160030145
3,0.159590205
3.01,0.15919857
3.02,0.158808696
3.03,0.15842058
3.04,0.158034202
3.05,0.157649559
3.06,0.157266644
3.07,0.156885446
3.08,0.156505968
3.09,0.156128199
3.1,0.155752127
3.11,0.15537774
3.12,0.155005041
3.13,0.154634013
3.14,0.154264662
3.15,0.153896978
3.16,0.153530936
3.17,0.153166545
3.18,0.152803796
3.19,0.152442675
3.2,0.152083179
3.21,0.15172531
3.22,0.151369045
3.23,0.151014379
3.24,0.150661312
3.25,0.150309838
3.26,0.149959943
3.27,0.149611627
3.28,0.149264874
3.29,0.148919681
3.3,0.148576041
3.31,0.148233954
3.32,0.147893383
3.33,0.147554366
3.34,0.147216866
3.35,0.146880883
3.36,0.146546404
3.37,0.146213432
3.38,0.145881961
3.39,0.14555198
3.4,0.145223467
3.41,0.14489644
3.42,0.144570873
3.43,0.144246765
3.44,0.143924122
3.45,0.143602916
3.46,0.143283157
3.47,0.14296482
3.48,0.142647919
3.49,0.142332436
3.5,0.142018346
3.51,0.141705677
3.52,0.141394406
3.53,0.141084523
3.54,0.140776012
3.55,0.14046889
3.56,0.14016313
3.57,0.139858738
3.58,0.139555705
3.59,0.139254011
3.6,0.138953663
3.61,0.138654646
3.62,0.138356957
3.63,0.138060601
3.64,0.137765551
3.65,0.137471815
3.66,0.137179362
3.67,0.13688822
3.68,0.136598358
3.69,0.136309774
3.7,0.136022472
3.71,0.135736426
3.72,0.135451643
3.73,0.135168118
3.74,0.134885833
3.75,0.134604793
3.76,0.134324981
3.77,0.13404639
3.78,0.13376902
3.79,0.133492867
3.8,0.133217923
3.81,0.132944168
3.82,0.132671608
3.83,0.132400241
3.84,0.13213004
3.85,0.131861014
3.86,0.131593157
3.87,0.131326466
3.88,0.131060912
3.89,0.130796507
3.9,0.130533244
3.91,0.130271118
3.92,0.130010112
3.93,0.12975022
3.94,0.129491445
3.95,0.129233781
3.96,0.128977205
3.97,0.128721724
3.98,0.128467339
3.99,0.12821403
4,0.127961779
4.01,0.127710606
4.02,0.12746049
4.03,0.127211424
4.04,0.126963406
4.05,0.126716441
4.06,0.126470496
4.07,0.126225576
4.08,0.12598167
4.09,0.12573879
4.1,0.125496917
4.11,0.125256042
4.12,0.12501616
4.13,0.124777271
4.14,0.124539362
4.15,0.124302421
4.16,0.124066455
4.17,0.123831459
4.18,0.123597404
4.19,0.123364299
4.2,0.123132146
4.21,0.122900924
4.22,0.122670638
4.23,0.122441266
4.24,0.122212816
4.25,0.121985284
4.26,0.121758652
4.27,0.121532909
4.28,0.121308064
4.29,0.121084106
4.3,0.120861028
4.31,0.120638825
4.32,0.120417485
4.33,0.120197011
4.34,0.11997738
4.35,0.119758612
4.36,0.119540672
4.37,0.11932358
4.38,0.119107309
4.39,0.118891863
4.4,0.118677235
4.41,0.11846341
4.42,0.118250388
4.43,0.118038169
4.44,0.117826746
4.45,0.11761611
4.46,0.117406247
4.47,0.117197149
4.48,0.116988837
4.49,0.116781268
4.5,0.116574466
4.51,0.116368406
4.52,0.116163086
4.53,0.115958511
4.54,0.115754659
4.55,0.115551534
4.56,0.115349126
4.57,0.115147427
4.58,0.114946437
4.59,0.114746146
4.6,0.114546546
4.61,0.114347638
4.62,0.114149409
4.63,0.113951844
4.64,0.113754971
4.65,0.113558742
4.66,0.113363172
4.67,0.113168262
4.68,0.112973997
4.69,0.112780369
4.7,0.112587368
4.71,0.112394988
4.72,0.112203242
4.73,0.112012111
4.74,0.111821578
4.75,0.111631657
4.76,0.111442327
4.77,0.111253602
4.78,0.111065447
4.79,0.110877879
4.8,0.110690879
4.81,0.110504446
4.82,0.110318573
4.83,0.110133269
4.84,0.109948505
4.85,0.109764278
4.86,0.109580593
4.87,0.109397444
4.88,0.109214825
4.89,0.109032716
4.9,0.108851125
4.91,0.108670042
4.92,0.10848946
4.93,0.108309374
4.94,0.108129779
4.95,0.107950682
4.96,0.107772049
4.97,0.107593902
4.98,0.107416203
4.99,0.107238985
5,0.107062206
5.01,0.106885887
5.02,0.106710012
5.03,0.106534578
5.04,0.106359562
5.05,0.106184987
5.06,0.106010837
5.07,0.105837102
5.08,0.105663769
5.09,0.105490836
5.1,0.105318304
5.11,0.105146168
5.12,0.104974419
5.13,0.104803054
5.14,0.104632058
5.15,0.104461436
5.16,0.104291177
5.17,0.104121274
5.18,0.103951737
5.19,0.103782522
5.2,0.103613661
5.21,0.10344514
5.22,0.103276942
5.23,0.10310907
5.24,0.102941527
5.25,0.10277428
5.26,0.102607358
5.27,0.102440727
5.28,0.10227439
5.29,0.102108347
5.3,0.101942587
5.31,0.101777108
5.32,0.101611907
5.33,0.101446962
5.34,0.101282297
5.35,0.101117877
5.36,0.100953706
5.37,0.100789798
5.38,0.100626109
5.39,0.100462668
5.4,0.100299452
5.41,0.100136458
5.42,0.099973684
5.43,0.099811126
5.44,0.099648771
5.45,0.09948662
5.46,0.099324658
5.47,0.099162898
5.48,0.099001315
5.49,0.098839908
5.5,0.098678678
5.51,0.098517622
5.52,0.098356722
5.53,0.09819599
5.54,0.098035398
5.55,0.097874958
5.56,0.097714661
5.57,0.097554496
5.58,0.097394468
5.59,0.097234556
5.6,0.097074769
5.61,0.096915092
5.62,0.09675553
5.63,0.096596067
5.64,0.096436702
5.65,0.096277431
5.66,0.096118237
5.67,0.095959144
5.68,0.095800113
5.69,0.095641149
5.7,0.095482261
5.71,0.095323427
5.72,0.095164652
5.73,0.095005918
5.74,0.094847232
5.75,0.094688594
5.76,0.094529979
5.77,0.094371387
5.78,0.094212827
5.79,0.094054283
5.8,0.093895745
5.81,0.093737223
5.82,0.093578697
5.83,0.093420165
5.84,0.093261622
5.85,0.093103059
5.86,0.0929445
5.87,0.092785888
5.88,0.092627255
5.89,0.092468594
5.9,0.092309885
5.91,0.092151123
5.92,0.091992317
5.93,0.091833453
5.94,0.091674528
5.95,0.091515529
5.96,0.09135646
5.97,0.091197325
5.98,0.09103809
5.99,0.090878778
6,0.09071936
6.01,0.090573699
6.02,0.090443926
6.03,0.090314387
6.04,0.090185101
6.05,0.090056056
6.06,0.089927241
6.07,0.089798677
6.08,0.089670351
6.09,0.089542253
6.1,0.089414403
6.11,0.08928679
6.12,0.089159401
6.13,0.089032258
6.14,0.088905349
6.15,0.088778662
6.16,0.088652209
6.17,0.088525996
6.18,0.088399994
6.19,0.088274242
6.2,0.0881487
6.21,0.088023395
6.22,0.087898318
6.23,0.087773458
6.24,0.087648833
6.25,0.087524424
6.26,0.087400239
6.27,0.087276277
6.28,0.087152539
6.29,0.087029012
6.3,0.086905716
6.31,0.086782631
6.32,0.086659766
6.33,0.086537109
6.34,0.086414681
6.35,0.08629246
6.36,0.086170455
6.37,0.086048667
6.38,0.085927083
6.39,0.085805714
6.4,0.085684569
6.41,0.085563617
6.42,0.085442877
6.43,0.085322358
6.44,0.085202031
6.45,0.085081913
6.46,0.084962015
6.47,0.084842305
6.48,0.084722813
6.49,0.084603518
6.5,0.08448443
6.51,0.084365548
6.52,0.08424685
6.53,0.084128367
6.54,0.084010088
6.55,0.083892001
6.56,0.083774107
6.57,0.083656415
6.58,0.083538924
6.59,0.083421632
6.6,0.083304521
6.61,0.083187618
6.62,0.083070904
6.63,0.082954377
6.64,0.082838057
6.65,0.082721923
6.66,0.082605975
6.67,0.082490212
6.68,0.082374654
6.69,0.082259278
6.7,0.082144086
6.71,0.082029086
6.72,0.081914268
6.73,0.081799651
6.74,0.081685205
6.75,0.081570948
6.76,0.08145687
6.77,0.081342981
6.78,0.08122928
6.79,0.081115746
6.8,0.081002399
6.81,0.080889238
6.82,0.080776253
6.83,0.080663452
6.84,0.080550826
6.85,0.080438373
6.86,0.080326103
6.87,0.080214005
6.88,0.08010209
6.89,0.079990346
6.9,0.079878782
6.91,0.079767378
6.92,0.079656164
6.93,0.079545109
6.94,0.079434232
6.95,0.079323533
6.96,0.079212991
6.97,0.079102635
6.98,0.078992436
6.99,0.078882412
7,0.078779331
7.01,0.078690494
7.02,0.078601937
7.03,0.078513656
7.04,0.078425629
7.05,0.078337872
7.06,0.078250398
7.07,0.078163177
7.08,0.078076229
7.09,0.077989539
7.1,0.077903114
7.11,0.077816952
7.12,0.077731055
7.13,0.077645409
7.14,0.077560022
7.15,0.077474895
7.16,0.077390016
7.17,0.077305411
7.18,0.077221045
7.19,0.07713694
7.2,0.077053088
7.21,0.076969482
7.22,0.076886133
7.23,0.076803023
7.24,0.07672016
7.25,0.076637556
7.26,0.076555192
7.27,0.076473081
7.28,0.076391199
7.29,0.076309565
7.3,0.076228178
7.31,0.076147024
7.32,0.076066111
7.33,0.075985445
7.34,0.075905014
7.35,0.07582482
7.36,0.075744859
7.37,0.075665134
7.38,0.075585652
7.39,0.075506389
7.4,0.075427369
7.41,0.075348578
7.42,0.075270014
7.43,0.075191681
7.44,0.075113571
7.45,0.075035691
7.46,0.074958047
7.47,0.074880624
7.48,0.074803416
7.49,0.074726452
7.5,0.074649692
7.51,0.074573161
7.52,0.074496858
7.53,0.074420768
7.54,0.074344896
7.55,0.074269241
7.56,0.074193812
7.57,0.0741186
7.58,0.074043594
7.59,0.073968803
7.6,0.073894243
7.61,0.073819877
7.62,0.073745736
7.63,0.073671803
7.64,0.07359808
7.65,0.073524569
7.66,0.073451266
7.67,0.073378171
7.68,0.073305293
7.69,0.073232612
7.7,0.073160132
7.71,0.073087863
7.72,0.073015794
7.73,0.072943931
7.74,0.072872282
7.75,0.072800823
7.76,0.072729574
7.77,0.072658517
7.78,0.07258766
7.79,0.072517
7.8,0.072446543
7.81,0.072376278
7.82,0.07230622
7.83,0.072236349
7.84,0.072166684
7.85,0.072097195
7.86,0.072027907
7.87,0.071958823
7.88,0.071889914
7.89,0.071821205
7.9,0.071752696
7.91,0.071684355
7.92,0.071616217
7.93,0.071548267
7.94,0.071480506
7.95,0.071412931
7.96,0.071345534
7.97,0.071278324
7.98,0.071211309
7.99,0.071144467
8,0.071077809
8.01,0.071011348
8.02,0.070945056
8.03,0.070878949
8.04,0.070813021
8.05,0.070747263
8.06,0.070681709
8.07,0.070616313
8.08,0.070551095
8.09,0.070486065
8.1,0.070418352
8.11,0.070350781
8.12,0.070283408
8.13,0.070216226
8.14,0.07014923
8.15,0.070082426
8.16,0.070015821
8.17,0.069949402
8.18,0.069883168
8.19,0.069817119
8.2,0.069751269
8.21,0.069685598
8.22,0.069620111
8.23,0.069554823
8.24,0.069489712
8.25,0.06942478
8.26,0.069360035
8.27,0.069295467
8.28,0.069231086
8.29,0.069166882
8.3,0.069102864
8.31,0.069039033
8.32,0.068975362
8.33,0.068911887
8.34,0.068848582
8.35,0.068785456
8.36,0.068722505
8.37,0.068659719
8.38,0.068597122
8.39,0.068534699
8.4,0.068472444
8.41,0.068410357
8.42,0.068348453
8.43,0.068286712
8.44,0.068225153
8.45,0.068163746
8.46,0.068102516
8.47,0.068041467
8.48,0.06798057
8.49,0.067919849
8.5,0.067859303
8.51,0.067798909
8.52,0.067738689
8.53,0.067678623
8.54,0.067618728
8.55,0.067558997
8.56,0.067499435
8.57,0.067440026
8.58,0.067380782
8.59,0.067321706
8.6,0.067262783
8.61,0.067204032
8.62,0.067145424
8.63,0.067086983
8.64,0.0670287
8.65,0.066970568
8.66,0.066912602
8.67,0.066854793
8.68,0.066797129
8.69,0.066739637
8.7,0.066682294
8.71,0.066625102
8.72,0.066568055
8.73,0.066511168
8.74,0.066454445
8.75,0.066397856
8.76,0.066341426
8.77,0.066285146
8.78,0.066229018
8.79,0.066173044
8.8,0.066117213
8.81,0.066061534
8.82,0.066005993
8.83,0.065950614
8.84,0.065895368
8.85,0.065840282
8.86,0.065785334
8.87,0.065730527
8.88,0.065675871
8.89,0.065621361
8.9,0.065566996
8.91,0.065512772
8.92,0.065458688
8.93,0.065404743
8.94,0.065350944
8.95,0.065297284
8.96,0.065243769
8.97,0.065190387
8.98,0.065137148
8.99,0.065084049
9,0.065031098
9.01,0.06497827
9.02,0.064925584
9.03,0.064873037
9.04,0.064820626
9.05,0.064768354
9.06,0.064716212
9.07,0.064664208
9.08,0.064612341
9.09,0.064560604
9.1,0.064508999
9.11,0.064457534
9.12,0.064406195
9.13,0.064354987
9.14,0.064303919
9.15,0.064252986
9.16,0.064202173
9.17,0.064151485
9.18,0.064100945
9.19,0.064050525
9.2,0.064000225
9.21,0.063950063
9.22,0.063900029
9.23,0.063850119
9.24,0.063800341
9.25,0.063750682
9.26,0.063701151
9.27,0.063651752
9.28,0.063602486
9.29,0.063553326
9.3,0.063504299
9.31,0.063455398
9.32,0.063406614
9.33,0.063357961
9.34,0.06330943
9.35,0.063261009
9.36,0.063212718
9.37,0.063164549
9.38,0.06311651
9.39,0.063068586
9.4,0.063020777
9.41,0.062973083
9.42,0.062925513
9.43,0.062878078
9.44,0.062830747
9.45,0.06278353
9.46,0.062736436
9.47,0.062689452
9.48,0.062642596
9.49,0.062595848
9.5,0.062549223
9.51,0.062502711
9.52,0.062456312
9.53,0.06241003
9.54,0.06236387
9.55,0.062317808
9.56,0.062271872
9.57,0.062226039
9.58,0.062180317
9.59,0.062134717
9.6,0.062089237
9.61,0.062043849
9.62,0.061998582
9.63,0.061953425
9.64,0.061908384
9.65,0.061863458
9.66,0.061818632
9.67,0.061773907
9.68,0.061729305
9.69,0.061684804
9.7,0.061640418
9.71,0.06159614
9.72,0.061551957
9.73,0.061507897
9.74,0.061463932
9.75,0.06142008
9.76,0.061376341
9.77,0.061332696
9.78,0.061289159
9.79,0.061245729
9.8,0.061202403
9.81,0.061159189
9.82,0.061116063
9.83,0.061073043
9.84,0.061030136
9.85,0.060987326
9.86,0.060944618
9.87,0.060902021
9.88,0.060859521
9.89,0.060817122
9.9,0.060774824
9.91,0.060732627
9.92,0.060690536
9.93,0.060648535
9.94,0.06060664
9.95,0.060564845
9.96,0.060523146
9.97,0.060481547
9.98,0.060440057
9.99,0.060398647
10,0.060357341
10.01,0.060343731
10.02,0.060328584
10.03,0.060313481
10.04,0.060298414
10.05,0.060283392
10.06,0.060268415
10.07,0.060253483
10.08,0.060238586
10.09,0.060223739
10.1,0.060208932
10.11,0.06019416
10.12,0.060179434
10.13,0.060164753
10.14,0.060150111
10.15,0.060135505
10.16,0.060120944
10.17,0.060106423
10.18,0.060091942
10.19,0.060077501
10.2,0.06006311
10.21,0.060048749
10.22,0.060034429
10.23,0.060020144
10.24,0.060005913
10.25,0.059991708
10.26,0.059977553
10.27,0.059963428
10.28,0.059949344
10.29,0.059935299
10.3,0.059921299
10.31,0.05990734
10.32,0.059893411
10.33,0.059879521
10.34,0.059865667
10.35,0.059851853
10.36,0.059838085
10.37,0.059824356
10.38,0.059810658
10.39,0.059796995
10.4,0.059783371
10.41,0.059769783
10.42,0.059756236
10.43,0.059742723
10.44,0.05972925
10.45,0.059715803
10.46,0.059702406
10.47,0.059689044
10.48,0.059675721
10.49,0.059662425
10.5,0.059649173
10.51,0.059635947
10.52,0.05962277
10.53,0.059609619
10.54,0.059596508
10.55,0.059583428
10.56,0.059570387
10.57,0.059557372
10.58,0.059544416
10.59,0.059531471
10.6,0.059518566
10.61,0.059505706
10.62,0.059492872
10.63,0.059480072
10.64,0.059467308
10.65,0.059454579
10.66,0.05944188
10.67,0.059429222
10.68,0.059416598
10.69,0.059404005
10.7,0.059391442
10.71,0.059378918
10.72,0.059366416
10.73,0.059353959
10.74,0.059341536
10.75,0.059329139
10.76,0.059316777
10.77,0.05930445
10.78,0.059292149
10.79,0.059279887
10.8,0.059267661
10.81,0.059255465
10.82,0.059243295
10.83,0.059231154
10.84,0.059219058
10.85,0.059206993
10.86,0.059194953
10.87,0.059182944
10.88,0.05917096
10.89,0.05915902
10.9,0.059147116
10.91,0.059135222
10.92,0.059123373
10.93,0.059111555
10.94,0.059099762
10.95,0.059088003
10.96,0.059076286
10.97,0.059064583
10.98,0.059052921
10.99,0.059041284
11,0.059029677
11.01,0.059018105
11.02,0.059006554
11.03,0.058995043
11.04,0.058983561
11.05,0.058972096
11.06,0.058960675
11.07,0.058949275
11.08,0.058937909
11.09,0.058926564
11.1,0.05891526
11.11,0.05890397
11.12,0.058892731
11.13,0.058881502
11.14,0.058870309
11.15,0.058859144
11.16,0.058848001
11.17,0.0588369
11.18,0.05882582
11.19,0.058814772
11.2,0.058803745
11.21,0.058792749
11.22,0.058781784
11.23,0.05877085
11.24,0.058759937
11.25,0.058749055
11.26,0.058738194
11.27,0.058727363
11.28,0.058716574
11.29,0.058705795
11.3,0.058695046
11.31,0.058684328
11.32,0.05867364
11.33,0.058662973
11.34,0.058652336
11.35,0.058641729
11.36,0.058631143
11.37,0.058620587
11.38,0.05861005
11.39,0.058599554
11.4,0.058589067
11.41,0.05857862
11.42,0.058568194
11.43,0.058557787
11.44,0.058547419
11.45,0.058537071
11.46,0.058526753
11.47,0.058516454
11.48,0.058506174
11.49,0.058495934
11.5,0.058485713
11.51,0.058475521
11.52,0.058465349
11.53,0.058455205
11.54,0.058445091
11.55,0.058434995
11.56,0.058424929
11.57,0.058414881
11.58,0.058404862
11.59,0.058394872
11.6,0.0583849
11.61,0.058374958
11.62,0.058365033
11.63,0.058355147
11.64,0.05834527
11.65,0.058335421
11.66,0.0583256
11.67,0.058315808
11.68,0.058306023
11.69,0.058296277
11.7,0.05828655
11.71,0.05827684
11.72,0.058267167
11.73,0.058257504
11.74,0.058247877
11.75,0.058238269
11.76,0.058228679
11.77,0.058219125
11.78,0.05820958
11.79,0.058200062
11.8,0.058190572
11.81,0.0581811
11.82,0.058171655
11.83,0.058162226
11.84,0.058152825
11.85,0.058143452
11.86,0.058134096
11.87,0.058124757
11.88,0.058115456
11.89,0.058106161
11.9,0.058096893
11.91,0.058087652
11.92,0.058078428
11.93,0.058069231
11.94,0.05806005
11.95,0.058050897
11.96,0.05804177
11.97,0.05803265
11.98,0.058023566
11.99,0.058014499
12,0.058005448
12.01,0.057996424
12.02,0.057987416
12.03,0.057978434
12.04,0.057969479
12.05,0.05796054
12.06,0.057951617
12.07,0.05794272
12.08,0.05793385
12.09,0.057924995
12.1,0.057916166
12.11,0.057907354
12.12,0.057898557
12.13,0.057889786
12.14,0.05788103
12.15,0.057872311
12.16,0.057863597
12.17,0.057854909
12.18,0.057846237
12.19,0.05783759
12.2,0.057828959
12.21,0.057820362
12.22,0.057811772
12.23,0.057803206
12.24,0.057794656
12.25,0.057786122
12.26,0.057777622
12.27,0.057769138
12.28,0.057760669
12.29,0.057752215
12.3,0.057743786
12.31,0.057735382
12.32,0.057726993
12.33,0.057718629
12.34,0.05771027
12.35,0.057701945
12.36,0.057693636
12.37,0.057685341
12.38,0.05767707
12.39,0.057668815
12.4,0.057660584
12.41,0.057652368
12.42,0.057644176
12.43,0.057635988
12.44,0.057627836
12.45,0.057619697
12.46,0.057611573
12.47,0.057603462
12.48,0.057595387
12.49,0.057587326
12.5,0.057579278
12.51,0.057571245
12.52,0.057563236
12.53,0.057555251
12.54,0.05754727
12.55,0.057539313
12.56,0.05753138
12.57,0.05752346
12.58,0.057515555
12.59,0.057507673
12.6,0.057499816
12.61,0.057491961
12.62,0.057484131
12.63,0.057476324
12.64,0.057468531
12.65,0.057460752
12.66,0.057452996
12.67,0.057445253
12.68,0.057437534
12.69,0.057429828
12.7,0.057422146
12.71,0.057414467
12.72,0.057406811
12.73,0.057399179
12.74,0.057391559
12.75,0.057383963
12.76,0.05737637
12.77,0.057368811
12.78,0.057361253
12.79,0.05735372
12.8,0.057346209
12.81,0.057338701
12.82,0.057331216
12.83,0.057323754
12.84,0.057316305
12.85,0.057308869
12.86,0.057301455
12.87,0.057294054
12.88,0.057286666
12.89,0.0572793
12.9,0.057271947
12.91,0.057264617
12.92,0.057257299
12.93,0.057249994
12.94,0.057242711
12.95,0.05723544
12.96,0.057228183
12.97,0.057220947
12.98,0.057213724
12.99,0.057206522
13,0.057199334
13.01,0.057192157
13.02,0.057185003
13.03,0.057177861
13.04,0.057170731
13.05,0.057163623
13.06,0.057156527
13.07,0.057149443
13.08,0.057142381
13.09,0.057135331
13.1,0.057128304
13.11,0.057121277
13.12,0.057114283
13.13,0.057107301
13.14,0.05710032
13.15,0.057093361
13.16,0.057086424
13.17,0.057079499
13.18,0.057072585
13.19,0.057065692
13.2,0.057058812
13.21,0.057051943
13.22,0.057045095
13.23,0.057038259
13.24,0.057031435
13.25,0.057024632
13.26,0.05701784
13.27,0.05701106
13.28,0.057004291
13.29,0.056997553
13.3,0.056990816
13.31,0.056984101
13.32,0.056977397
13.33,0.056970704
13.34,0.056964023
13.35,0.056957372
13.36,0.056950723
13.37,0.056944084
13.38,0.056937467
13.39,0.05693086
13.4,0.056924275
13.41,0.0569177
13.42,0.056911137
13.43,0.056904594
13.44,0.056898052
13.45,0.056891531
13.46,0.056885031
13.47,0.056878541
13.48,0.056872063
13.49,0.056865595
13.5,0.056859147
13.51,0.05685271
13.52,0.056846284
13.53,0.056839878
13.54,0.056833483
13.55,0.056827098
13.56,0.056820735
13.57,0.056814381
13.58,0.056808028
13.59,0.056801705
13.6,0.056795383
13.61,0.056789081
13.62,0.056782799
13.63,0.056776528
13.64,0.056770266
13.65,0.056764016
13.66,0.056757775
13.67,0.056751554
13.68,0.056745344
13.69,0.056739144
13.7,0.056732964
13.71,0.056726793
13.72,0.056720634
13.73,0.056714494
13.74,0.056708364
13.75,0.056702244
13.76,0.056696133
13.77,0.056690043
13.78,0.056683963
13.79,0.056677893
13.8,0.056671842
13.81,0.056665791
13.82,0.05665976
13.83,0.056653749
13.84,0.056647748
13.85,0.056641746
13.86,0.056635773
13.87,0.056629801
13.88,0.056623849
13.89,0.056617905
13.9,0.056611971
13.91,0.056606057
13.92,0.056600143
13.93,0.056594258
13.94,0.056588372
13.95,0.056582506
13.96,0.056576649
13.97,0.056570802
13.98,0.056564964
13.99,0.056559145
14,0.056553336
14.01,0.056547536
14.02,0.056541755
14.03,0.056535973
14.04,0.056530211
14.05,0.056524468
14.06,0.056518724
14.07,0.056512999
14.08,0.056507284
14.09,0.056501577
14.1,0.05649588
14.11,0.056490211
14.12,0.056484542
14.13,0.056478882
14.14,0.05647323
14.15,0.056467598
14.16,0.056461975
14.17,0.05645637
14.18,0.056450764
14.19,0.056445177
14.2,0.056439599
14.21,0.056434031
14.22,0.05642848
14.23,0.056422938
14.24,0.056417406
14.25,0.056411882
14.26,0.056406366
14.27,0.05640088
14.28,0.056395392
14.29,0.056389913
14.3,0.056384442
14.31,0.056378989
14.32,0.056373546
14.33,0.056368111
14.34,0.056362695
14.35,0.056357277
14.36,0.056351877
14.37,0.056346486
14.38,0.056341114
14.39,0.056335739
14.4,0.056330384
14.41,0.056325036
14.42,0.056319697
14.43,0.056314377
14.44,0.056309064
14.45,0.05630376
14.46,0.056298464
14.47,0.056293177
14.48,0.056287908
14.49,0.056282647
14.5,0.056277394
14.51,0.056272159
14.52,0.056266922
14.53,0.056261704
14.54,0.056256493
14.55,0.056251301
14.56,0.056246107
14.57,0.056240931
14.58,0.056235752
14.59,0.056230592
14.6,0.05622545
14.61,0.056220316
14.62,0.056215179
14.63,0.056210061
14.64,0.056204951
14.65,0.056199858
14.66,0.056194773
14.67,0.056189696
14.68,0.056184627
14.69,0.056179566
14.7,0.056174513
14.71,0.056169487
14.72,0.056164449
14.73,0.056159429
14.74,0.056154426
14.75,0.056149421
14.76,0.056144434
14.77,0.056139455
14.78,0.056134483
14.79,0.056129528
14.8,0.056124571
14.81,0.056119633
14.82,0.056114701
14.83,0.056109777
14.84,0.05610487
14.85,0.056099961
14.86,0.05609507
14.87,0.056090196
14.88,0.056085319
14.89,0.05608045
14.9,0.056075598
14.91,0.056070743
14.92,0.056065916
14.93,0.056061086
14.94,0.056056264
14.95,0.056051459
14.96,0.056046661
14.97,0.05604186
14.98,0.056037087
14.99,0.056032311
15,0.056027552
15.01,0.0560228
15.02,0.056018056
15.03,0.056013318
15.04,0.056008588
15.05,0.056003875
15.06,0.055999169
15.07,0.055994461
15.08,0.055989779
15.09,0.055985094
15.1,0.055980426
15.11,0.055975756
15.12,0.055971102
15.13,0.055966456
15.14,0.055961826
15.15,0.055957193
15.16,0.055952578
15.17,0.055947959
15.18,0.055943357
15.19,0.055938772
15.2,0.055934184
15.21,0.055929613
15.22,0.055925038
15.23,0.05592048
15.24,0.05591593
15.25,0.055911396
15.26,0.055906859
15.27,0.055902338
15.28,0.055897824
15.29,0.055893318
15.3,0.055888817
15.31,0.055884324
15.32,0.055879847
15.33,0.055875367
15.34,0.055870903
15.35,0.055866446
15.36,0.055862005
15.37,0.055857562
15.38,0.055853135
15.39,0.055848704
15.4,0.05584429
15.41,0.055839882
15.42,0.055835491
15.43,0.055831097
15.44,0.055826718
15.45,0.055822337
15.46,0.055817972
15.47,0.055813623
15.48,0.055809271
15.49,0.055804925
15.5,0.055800596
15.51,0.055796263
15.52,0.055791956
15.53,0.055787646
15.54,0.055783342
15.55,0.055779044
15.56,0.055774762
15.57,0.055770487
15.58,0.055766218
15.59,0.055761956
15.6,0.055757699
15.61,0.055753459
15.62,0.055749215
15.63,0.055744988
15.64,0.055740766
15.65,0.055736551
15.66,0.055732342
15.67,0.055728149
15.68,0.055723962
15.69,0.055719771
15.7,0.055715596
15.71,0.055711428
15.72,0.055707265
15.73,0.055703108
15.74,0.055698968
15.75,0.055694833
15.76,0.055690705
15.77,0.055686583
15.78,0.055682466
15.79,0.055678356
15.8,0.055674261
15.81,0.055670163
15.82,0.05566608
15.83,0.055662003
15.84,0.055657922
15.85,0.055653867
15.86,0.055649808
15.87,0.055645765
15.88,0.055641718
15.89,0.055637686
15.9,0.05563366
15.91,0.05562964
15.92,0.055625636
15.93,0.055621628
15.94,0.055617625
15.95,0.055613638
15.96,0.055609657
15.97,0.055605682
15.98,0.055601712
15.99,0.055597758
16,0.0555938
16.01,0.055589857
16.02,0.05558591
16.03,0.055581979
16.04,0.055578054
16.05,0.055574133
16.06,0.055570229
16.07,0.05556632
16.08,0.055562426
16.09,0.055558529
16.1,0.055554647
16.11,0.05555077
16.12,0.055546909
16.13,0.055543043
16.14,0.055539183
16.15,0.055535338
16.16,0.055531489
16.17,0.055527656
16.18,0.055523827
16.19,0.055520005
16.2,0.055516197
16.21,0.055512385
16.22,0.055508579
16.23,0.055504787
16.24,0.055501002
16.25,0.055497221
16.26,0.055493446
16.27,0.055489677
16.28,0.055485922
16.29,0.055482163
16.3,0.055478419
16.31,0.055474681
16.32,0.055470938
16.33,0.05546721
16.34,0.055463497
16.35,0.05545978
16.36,0.055456068
16.37,0.05545237
16.38,0.055448669
16.39,0.055444992
16.4,0.055441301
16.41,0.055437625
16.42,0.055433964
16.43,0.055430298
16.44,0.055426637
16.45,0.055422991
16.46,0.055419351
16.47,0.055415705
16.48,0.055412075
16.49,0.05540846
16.5,0.05540484
16.51,0.055401225
16.52,0.055397625
16.53,0.05539402
16.54,0.055390429
16.55,0.055386845
16.56,0.055383265
16.57,0.05537969
16.58,0.05537612
16.59,0.055372555
16.6,0.055369005
16.61,0.055365459
16.62,0.055361909
16.63,0.055358374
16.64,0.055354844
16.65,0.055351318
16.66,0.055347808
16.67,0.055344292
16.68,0.055340781
16.69,0.055337285
16.7,0.055333784
16.71,0.055330298
16.72,0.055326817
16.73,0.05532334
16.74,0.055319868
16.75,0.055316411
16.76,0.055312949
16.77,0.055309501
16.78,0.055306049
16.79,0.055302611
16.8,0.055299177
16.81,0.055295749
16.82,0.055292326
16.83,0.055288907
16.84,0.055285502
16.85,0.055282092
16.86,0.055278687
16.87,0.055275297
16.88,0.055271911
16.89,0.05526853
16.9,0.055265154
16.91,0.055261783
16.92,0.055258415
16.93,0.055255063
16.94,0.055251705
16.95,0.055248362
16.96,0.055245013
16.97,0.055241679
16.98,0.055238349
16.99,0.055235024
17,0.055231703
17.01,0.055228387
17.02,0.055225086
17.03,0.055221779
17.04,0.055218486
17.05,0.055215199
17.06,0.055211905
17.07,0.055208626
17.08,0.055205351
17.09,0.055202081
17.1,0.055198826
17.11,0.055195565
17.12,0.055192308
17.13,0.055189065
17.14,0.055185827
17.15,0.055182594
17.16,0.055179355
17.17,0.05517613
17.18,0.055172909
17.19,0.055169693
17.2,0.055166491
17.21,0.055163284
17.22,0.055160091
17.23,0.055156892
17.24,0.055153707
17.25,0.055150527
17.26,0.055147351
17.27,0.05514418
17.28,0.055141012
17.29,0.055137849
17.3,0.05513469
17.31,0.055131546
17.32,0.055128405
17.33,0.055125259
17.34,0.055122127
17.35,0.055118999
17.36,0.055115876
17.37,0.055112756
17.38,0.055109641
17.39,0.055106531
17.4,0.055103424
17.41,0.055100331
17.42,0.055097243
17.43,0.055094148
17.44,0.055091068
17.45,0.055087991
17.46,0.05508491
17.47,0.055081842
17.48,0.055078788
17.49,0.055075728
17.5,0.055072673
17.51,0.055069631
17.52,0.055066583
17.53,0.05506355
17.54,0.05506052
17.55,0.055057485
17.56,0.055054464
17.57,0.055051446
17.58,0.055048433
17.59,0.055045424
17.6,0.055042428
17.61,0.055039427
17.62,0.055036429
17.63,0.055033446
17.64,0.055030466
17.65,0.055027491
17.66,0.055024509
17.67,0.055021541
17.68,0.055018578
17.69,0.055015618
17.7,0.055012672
17.71,0.05500972
17.72,0.055006771
17.73,0.055003837
17.74,0.055000897
17.75,0.05499797
17.76,0.054995048
17.77,0.054992129
17.78,0.054989214
17.79,0.054986293
17.8,0.054983396
17.81,0.054980492
17.82,0.054977592
17.83,0.054974706
17.84,0.054971814
17.85,0.054968936
17.86,0.054966052
17.87,0.054963181
17.88,0.054960303
17.89,0.05495745
17.9,0.054954591
17.91,0.054951735
17.92,0.054948883
17.93,0.054946035
17.94,0.0549432
17.95,0.054940359
17.96,0.054937522
17.97,0.054934699
17.98,0.054931879
17.99,0.054929063
18,0.05492625
18.01,0.054923432
18.02,0.054920636
18.03,0.054917825
18.04,0.054915037
18.05,0.054912243
18.06,0.054909452
18.07,0.054906675
18.08,0.054903892
18.09,0.054901122
18.1,0.054898356
18.11,0.054895594
18.12,0.054892834
18.13,0.054890069
18.14,0.054887317
18.15,0.054884569
18.16,0.054881834
18.17,0.054879093
18.18,0.054876355
18.19,0.054873631
18.2,0.054870901
18.21,0.054868184
18.22,0.05486547
18.23,0.05486275
18.24,0.054860053
18.25,0.05485734
18.26,0.054854641
18.27,0.054851954
18.28,0.054849252
18.29,0.054846573
18.3,0.054843887
18.31,0.054841214
18.32,0.054838535
18.33,0.05483587
18.34,0.054833198
18.35,0.054830539
18.36,0.054827884
18.37,0.054825232
18.38,0.054822574
18.39,0.054819939
18.4,0.054817287
18.41,0.054814659
18.42,0.054812024
18.43,0.054809393
18.44,0.054806775
18.45,0.05480415
18.46,0.054801539
18.47,0.05479892
18.48,0.054796315
18.49,0.054793714
18.5,0.054791116
18.51,0.054788521
18.52,0.054785929
18.53,0.054783341
18.54,0.054780756
18.55,0.054778174
18.56,0.054775606
18.57,0.054773031
18.58,0.054770469
18.59,0.0547679
18.6,0.054765345
18.61,0.054762793
18.62,0.054760234
18.63,0.054757688
18.64,0.054755146
18.65,0.054752607
18.66,0.05475007
18.67,0.054747538
18.68,0.054745008
18.69,0.054742482
18.7,0.054739969
18.71,0.054737448
18.72,0.054734941
18.73,0.054732428
18.74,0.054729917
18.75,0.05472742
18.76,0.054724925
18.77,0.054722434
18.78,0.054719947
18.79,0.054717462
18.8,0.05471498
18.81,0.054712501
18.82,0.054710026
18.83,0.054707563
18.84,0.054705094
18.85,0.054702628
18.86,0.054700175
18.87,0.054697715
18.88,0.054695268
18.89,0.054692814
18.9,0.054690373
18.91,0.054687935
18.92,0.0546855
18.93,0.054683069
18.94,0.05468064
18.95,0.054678215
18.96,0.054675792
18.97,0.054673372
18.98,0.054670966
18.99,0.054668552
19,0.054666142
19.01,0.054663734
19.02,0.05466134
19.03,0.054658948
19.04,0.05465655
19.05,0.054654164
19.06,0.054651781
19.07,0.054649402
19.08,0.054647025
19.09,0.054644651
19.1,0.05464228
19.11,0.054639912
19.12,0.054637548
19.13,0.054635186
19.14,0.054632836
19.15,0.05463048
19.16,0.054628127
19.17,0.054625787
19.18,0.054623439
19.19,0.054621105
19.2,0.054618773
19.21,0.054616434
19.22,0.054614118
19.23,0.054611785
19.24,0.054609465
19.25,0.054607157
19.26,0.054604833
19.27,0.054602531
19.28,0.054600213
19.29,0.054597916
19.3,0.054595623
19.31,0.054593323
19.32,0.054591026
19.33,0.054588731
19.34,0.054586449
19.35,0.05458417
19.36,0.054581884
19.37,0.05457961
19.38,0.05457734
19.39,0.054575072
19.4,0.054572807
19.41,0.054570545
19.42,0.054568285
19.43,0.054566028
19.44,0.054563774
19.45,0.054561523
19.46,0.054559285
19.47,0.054557039
19.48,0.054554796
19.49,0.054552565
19.5,0.054550328
19.51,0.054548103
19.52,0.054545881
19.53,0.054543652
19.54,0.054541435
19.55,0.054539221
19.56,0.05453701
19.57,0.054534801
19.58,0.054532595
19.59,0.054530391
19.6,0.054528191
19.61,0.054525993
19.62,0.054523808
19.63,0.054521615
19.64,0.054519425
19.65,0.054517238
19.66,0.054515063
19.67,0.054512881
19.68,0.054510712
19.69,0.054508545
19.7,0.054506371
19.71,0.054504209
19.72,0.054502041
19.73,0.054499884
19.74,0.05449774
19.75,0.05449558
19.76,0.054493431
19.77,0.054491285
19.78,0.054489152
19.79,0.054487011
19.8,0.054484873
19.81,0.054482737
19.82,0.054480605
19.83,0.054478484
19.84,0.054476366
19.85,0.054474241
19.86,0.054472128
19.87,0.054470008
19.88,0.0544679
19.89,0.054465785
19.9,0.054463682
19.91,0.054461582
19.92,0.054459485
19.93,0.05445739
19.94,0.054455287
19.95,0.054453207
19.96,0.054451119
19.97,0.054449034
19.98,0.054446952
19.99,0.054444872
20,0.054442804
20.01,0.054440729
20.02,0.054438666
20.03,0.054436596
20.04,0.054434528
20.05,0.054432473
20.06,0.05443042
20.07,0.05442836
20.08,0.054426312
20.09,0.054424267
20.1,0.054422224
20.11,0.054420183
20.12,0.054418135
20.13,0.054416109
20.14,0.054414066
20.15,0.054412045
20.16,0.054410006
20.17,0.05440799
20.18,0.054405966
20.19,0.054403945
20.2,0.054401936
20.21,0.05439992
20.22,0.054397905
20.23,0.054395904
20.24,0.054393894
20.25,0.054391897
20.26,0.054389893
20.27,0.0543879
20.28,0.05438591
20.29,0.054383923
20.3,0.054381938
20.31,0.054379945
20.32,0.054377964
20.33,0.054375986
20.34,0.05437401
20.35,0.054372046
20.36,0.054370065
20.37,0.054368106
20.38,0.05436613
20.39,0.054364175
20.4,0.054362213
20.41,0.054360253
20.42,0.054358306
20.43,0.054356351
20.44,0.054354408
20.45,0.054352468
20.46,0.05435052
20.47,0.054348584
20.48,0.05434664
20.49,0.054344708
20.5,0.054342779
20.51,0.054340842
20.52,0.054338928
20.53,0.054336995
20.54,0.054335075
20.55,0.054333167
20.56,0.054331242
20.57,0.054329338
20.58,0.054327417
20.59,0.054325518
20.6,0.054323611
20.61,0.054321707
20.62,0.054319815
20.63,0.054317914
20.64,0.054316016
20.65,0.054314131
20.66,0.054312237
20.67,0.054310356
20.68,0.054308467
20.69,0.05430659
20.7,0.054304705
20.71,0.054302833
20.72,0.054300962
20.73,0.054299094
20.74,0.054297228
20.75,0.054295364
20.76,0.054293503
20.77,0.054291643
20.78,0.054289786
20.79,0.05428793
20.8,0.054286078
20.81,0.054284227
20.82,0.054282388
20.83,0.054280541
20.84,0.054278696
20.85,0.054276854
20.86,0.054275023
20.87,0.054273185
20.88,0.05427135
20.89,0.054269526
20.9,0.054267694
20.91,0.054265874
20.92,0.054264046
20.93,0.054262231
20.94,0.054260417
20.95,0.054258606
20.96,0.054256796
20.97,0.05425498
20.98,0.054253174
20.99,0.054251371
21,0.05424957
21.01,0.054247771
21.02,0.054245974
21.03,0.05424418
21.04,0.054242397
21.05,0.054240606
21.06,0.054238818
21.07,0.054237031
21.08,0.054235247
21.09,0.054233474
21.1,0.054231693
21.11,0.054229925
21.12,0.054228149
21.13,0.054226384
21.14,0.054224612
21.15,0.054222852
21.16,0.054221083
21.17,0.054219327
21.18,0.054217573
21.19,0.05421581
21.2,0.05421406
21.21,0.054212312
21.22,0.054210555
21.23,0.054208821
21.24,0.054207069
21.25,0.054205328
21.26,0.0542036
21.27,0.054201853
21.28,0.054200129
21.29,0.054198387
21.3,0.054196666
21.31,0.054194937
21.32,0.054193211
21.33,0.054191497
21.34,0.054189774
21.35,0.054188053
21.36,0.054186344
21.37,0.054184627
21.38,0.054182922
21.39,0.054181209
21.4,0.054179508
21.41,0.054177799
21.42,0.054176102
21.43,0.054174407
21.44,0.054172703
21.45,0.054171012
21.46,0.054169322
21.47,0.054167635
21.48,0.054165949
21.49,0.054164255
21.5,0.054162573
21.51,0.054160893
21.52,0.054159215
21.53,0.054157539
21.54,0.054155864
21.55,0.054154202
21.56,0.054152521
21.57,0.054150862
21.58,0.054149195
21.59,0.054147531
21.6,0.054145877
21.61,0.054144216
21.62,0.054142556
21.63,0.054140899
21.64,0.054139253
21.65,0.054137609
21.66,0.054135958
21.67,0.054134317
21.68,0.054132669
21.69,0.054131033
21.7,0.054129398
21.71,0.054127755
21.72,0.054126124
21.73,0.054124485
21.74,0.054122857
21.75,0.054121232
21.76,0.054119608
21.77,0.054117986
21.78,0.054116366
21.79,0.054114748
21.8,0.054113131
21.81,0.054111516
21.82,0.054109904
21.83,0.054108293
21.84,0.054106683
21.85,0.054105086
21.86,0.05410347
21.87,0.054101876
21.88,0.054100274
21.89,0.054098673
21.9,0.054097075
21.91,0.054095488
21.92,0.054093903
21.93,0.054092309
21.94,0.054090718
21.95,0.054089138
21.96,0.05408756
21.97,0.054085974
21.98,0.054084399
21.99,0.054082826
22,0.054081245
22.01,0.054079676
22.02,0.054078108
22.03,0.054076532
22.04,0.054074968
22.05,0.054073406
22.06,0.054071845
22.07,0.054070286
22.08,0.054068729
22.09,0.054067173
22.1,0.054065609
22.11,0.054064067
22.12,0.054062517
22.13,0.054060968
22.14,0.054059421
22.15,0.054057876
22.16,0.054056332
22.17,0.05405479
22.18,0.05405326
22.19,0.054051722
22.2,0.054050184
22.21,0.054048659
22.22,0.054047126
22.23,0.054045604
22.24,0.054044074
22.25,0.054042545
22.26,0.054041029
22.27,0.054039503
22.28,0.05403799
22.29,0.054036478
22.3,0.054034958
22.31,0.05403345
22.32,0.054031943
22.33,0.054030438
22.34,0.054028934
22.35,0.054027422
22.36,0.054025922
22.37,0.054024423
22.38,0.054022926
22.39,0.054021421
22.4,0.054019937
22.41,0.054018445
22.42,0.054016944
22.43,0.054015466
22.44,0.054013978
22.45,0.054012493
22.46,0.054011008
22.47,0.054009526
22.48,0.054008055
22.49,0.054006566
22.5,0.054005099
22.51,0.054003623
22.52,0.054002148
22.53,0.054000685
22.54,0.053999214
22.55,0.053997744
22.56,0.053996286
22.57,0.05399482
22.58,0.053993365
22.59,0.053991902
22.6,0.05399045
22.61,0.053989
22.62,0.053987541
22.63,0.053986094
22.64,0.053984639
22.65,0.053983195
22.66,0.053981753
22.67,0.053980302
22.68,0.053978872
22.69,0.053977425
22.7,0.053975989
22.71,0.053974555
22.72,0.053973121
22.73,0.05397169
22.74,0.05397026
22.75,0.053968831
22.76,0.053967395
22.77,0.05396598
22.78,0.053964556
22.79,0.053963133
22.8,0.053961713
22.81,0.053960294
22.82,0.053958876
22.83,0.05395747
22.84,0.053956045
22.85,0.053954642
22.86,0.053953231
22.87,0.05395182
22.88,0.053950422
22.89,0.053949015
22.9,0.053947619
22.91,0.053946215
22.92,0.053944822
22.93,0.053943421
22.94,0.053942022
22.95,0.053940633
22.96,0.053939237
22.97,0.053937852
22.98,0.053936458
22.99,0.053935076
23,0.053933695
23.01,0.053932316
23.02,0.053930938
23.03,0.053929552
23.04,0.053928177
23.05,0.053926804
23.06,0.053925422
23.07,0.053924051
23.08,0.053922682
23.09,0.053921315
23.1,0.053919949
23.11,0.053918584
23.12,0.053917221
23.13,0.053915859
23.14,0.053914499
23.15,0.05391314
23.16,0.053911783
23.17,0.053910437
23.18,0.053909072
23.19,0.053907729
23.2,0.053906377
23.21,0.053905027
23.22,0.053903688
23.23,0.053902331
23.24,0.053900995
23.25,0.053899651
23.26,0.053898318
23.27,0.053896976
23.28,0.053895635
23.29,0.053894307
23.3,0.053892969
23.31,0.053891643
23.32,0.053890308
23.33,0.053888975
23.34,0.053887653
23.35,0.053886333
23.36,0.053885004
23.37,0.053883686
23.38,0.05388236
23.39,0.053881045
23.4,0.053879731
23.41,0.053878419
23.42,0.053877098
23.43,0.053875789
23.44,0.053874481
23.45,0.053873174
23.46,0.053871869
23.47,0.053870555
23.48,0.053869253
23.49,0.053867951
23.5,0.053866651
23.51,0.053865353
23.52,0.053864056
23.53,0.05386276
23.54,0.053861466
23.55,0.053860173
23.56,0.053858881
23.57,0.053857591
23.58,0.053856312
23.59,0.053855024
23.6,0.053853738
23.61,0.053852453
23.62,0.05385117
23.63,0.053849897
23.64,0.053848607
23.65,0.053847337
23.66,0.053846059
23.67,0.053844782
23.68,0.053843516
23.69,0.053842242
23.7,0.053840979
23.71,0.053839707
23.72,0.053838447
23.73,0.053837178
23.74,0.05383591
23.75,0.053834654
23.76,0.053833399
23.77,0.053832135
23.78,0.053830883
23.79,0.053829621
23.8,0.053828371
23.81,0.053827123
23.82,0.053825866
23.83,0.05382462
23.84,0.053823375
23.85,0.053822132
23.86,0.05382089
23.87,0.053819639
23.88,0.053818399
23.89,0.053817161
23.9,0.053815924
23.91,0.053814678
23.92,0.053813444
23.93,0.053812221
23.94,0.053810979
23.95,0.053809749
23.96,0.053808519
23.97,0.053807291
23.98,0.053806065
23.99,0.053804839
24,0.053803625
24.01,0.053802392
24.02,0.05380118
24.03,0.05379996
24.04,0.05379874
24.05,0.053797522
24.06,0.053796306
24.07,0.0537951
24.08,0.053793886
24.09,0.053792673
24.1,0.053791461
24.11,0.053790261
24.12,0.053789051
24.13,0.053787844
24.14,0.053786647
24.15,0.053785441
24.16,0.053784237
24.17,0.053783044
24.18,0.053781842
24.19,0.053780651
24.2,0.053779462
24.21,0.053778264
24.22,0.053777067
24.23,0.053775881
24.24,0.053774696
24.25,0.053773503
24.26,0.053772321
24.27,0.05377114
24.28,0.05376995
24.29,0.053768772
24.3,0.053767594
24.31,0.053766408
24.32,0.053765233
24.33,0.05376406
24.34,0.053762887
24.35,0.053761716
24.36,0.053760536
24.37,0.053759367
24.38,0.0537582
24.39,0.053757033
24.4,0.053755857
24.41,0.053754703
24.42,0.05375354
24.43,0.053752369
24.44,0.053751218
24.45,0.053750048
24.46,0.0537489
24.47,0.053747743
24.48,0.053746587
24.49,0.053745432
24.5,0.053744279
24.51,0.053743126
24.52,0.053741975
24.53,0.053740825
24.54,0.053739686
24.55,0.053738528
24.56,0.053737392
24.57,0.053736246
24.58,0.053735102
24.59,0.053733969
24.6,0.053732827
24.61,0.053731686
24.62,0.053730556
24.63,0.053729418
24.64,0.05372829
24.65,0.053727155
24.66,0.053726019
24.67,0.053724885
24.68,0.053723762
24.69,0.053722641
24.7,0.05372151
24.71,0.05372039
24.72,0.053719262
24.73,0.053718145
24.74,0.053717019
24.75,0.053715904
24.76,0.05371479
24.77,0.053713668
24.78,0.053712556
24.79,0.053711446
24.8,0.053710326
24.81,0.053709218
24.82,0.053708101
24.83,0.053706995
24.84,0.05370589
24.85,0.053704786
24.86,0.053703684
24.87,0.053702572
24.88,0.053701472
24.89,0.053700372
24.9,0.053699274
24.91,0.053698177
24.92,0.053697071
24.93,0.053695976
24.94,0.053694882
24.95,0.053693789
24.96,0.053692698
24.97,0.053691607
24.98,0.053690518
24.99,0.053689429
25,0.053688342
0.01,0.241479047
0.02,0.24570251
0.03,0.240349608
0.04,0.234759083
0.05,0.229810446
0.06,0.227019895
0.07,0.224666428
0.08,0.222495515
0.09,0.220501074
0.1,0.218667324
0.11,0.216976707
0.12,0.215412717
0.13,0.213960607
0.14,0.212607561
0.15,0.211341284
0.16,0.210154782
0.17,0.209038626
0.18,0.207985758
0.19,0.206990063
0.2,0.206046209
0.21,0.205149563
0.22,0.204296033
0.23,0.20348201
0.24,0.202704325
0.25,0.201960138
0.26,0.201291601
0.27,0.200651766
0.28,0.200038596
0.29,0.199450291
0.3,0.198885176
0.31,0.198341749
0.32,0.197818622
0.33,0.197314598
0.34,0.196828517
0.35,0.196359335
0.36,0.195906091
0.37,0.195467897
0.38,0.195043974
0.39,0.194633552
0.4,0.194235934
0.41,0.193850465
0.42,0.193476583
0.43,0.19311371
0.44,0.192761331
0.45,0.192418937
0.46,0.192086124
0.47,0.191762445
0.48,0.191447504
0.49,0.191140907
0.5,0.19084235
0.51,0.190551481
0.52,0.190267992
0.53,0.18999159
0.54,0.189721979
0.55,0.189458942
0.56,0.189290575
0.57,0.189304287
0.58,0.189318046
0.59,0.189331888
0.6,0.189345795
0.61,0.189440599
0.62,0.189532574
0.63,0.189624613
0.64,0.189716698
0.65,0.189808864
0.66,0.189901094
0.67,0.189993368
0.68,0.190085724
0.69,0.190178142
0.7,0.190270623
0.71,0.190363147
0.72,0.190455751
0.73,0.190548418
0.74,0.190641145
0.75,0.190733915
0.76,0.190826765
0.77,0.190919675
0.78,0.191012646
0.79,0.191105659
0.8,0.19119875
0.81,0.191291901
0.82,0.191385093
0.83,0.191478363
0.84,0.191571692
0.85,0.19166508
0.86,0.191758508
0.87,0.191852013
0.88,0.191945577
0.89,0.192039199
0.9,0.192132859
0.91,0.193273456
0.92,0.196926542
0.93,0.203431682
0.94,0.21090451
0.95,0.218377337
0.96,0.225850164
0.97,0.233322991
0.98,0.240795818
0.99,0.248268645
1,0.255741473
1.01,0.2632143
1.02,0.270687127
1.03,0.278159954
1.04,0.285632781
1.05,0.293105608
1.06,0.292481555
1.07,0.291859372
1.08,0.291239242
1.09,0.290621309
1.1,0.290002653
1.11,0.289385739
1.12,0.28877134
1.13,0.288159462
1.14,0.287550127
1.15,0.286943324
1.16,0.285942533
1.17,0.284931416
1.18,0.283924491
1.19,0.282921788
1.2,0.281922557
1.21,0.280926323
1.22,0.279934308
1.23,0.278946387
1.24,0.277962644
1.25,0.276982998
1.26,0.276009702
1.27,0.275055214
1.28,0.274113704
1.29,0.273182963
1.3,0.272261861
1.31,0.271349956
1.32,0.270446686
1.33,0.269551856
1.34,0.268665108
1.35,0.267786376
1.36,0.266915391
1.37,0.266052085
1.38,0.265196334
1.39,0.264348057
1.4,0.263507106
1.41,0.262673387
1.42,0.261846689
1.43,0.261026986
1.44,0.260214209
1.45,0.259408306
1.46,0.25860924
1.47,0.257816943
1.48,0.257031475
1.49,0.2562527
1.5,0.255480614
1.51,0.25471523
1.52,0.253956494
1.53,0.253204423
1.54,0.252458922
1.55,0.251720046
1.56,0.250987704
1.57,0.250261962
1.58,0.249542743
1.59,0.248830052
1.6,0.248123866
1.61,0.247424183
1.62,0.246730983
1.63,0.246044295
1.64,0.245364007
1.65,0.244690234
1.66,0.244022898
1.67,0.243361963
1.68,0.242707508
1.69,0.242059451
1.7,0.241417808
1.71,0.240782575
1.72,0.240153721
1.73,0.239531294
1.74,0.238915241
1.75,0.238305627
1.76,0.237702339
1.77,0.237105451
1.78,0.23651493
1.79,0.235930797
1.8,0.235353014
1.81,0.234781609
1.82,0.234216607
1.83,0.233657949
1.84,0.23310564
1.85,0.232559677
1.86,0.232020086
1.87,0.231486853
1.88,0.230959974
1.89,0.230439467
1.9,0.229925339
1.91,0.229417553
1.92,0.228916141
1.93,0.228421067
1.94,0.227932348
1.95,0.227450027
1.96,0.226614815
1.97,0.225781733
1.98,0.22495197
1.99,0.224125477
2,0.223302272
2.01,0.222537556
2.02,0.22177366
2.03,0.221014293
2.04,0.220259359
2.05,0.21950884
2.06,0.218762698
2.07,0.218021299
2.08,0.217285218
2.09,0.216553513
2.1,0.215826046
2.11,0.215102777
2.12,0.214383778
2.13,0.213668923
2.14,0.212958196
2.15,0.212251547
2.16,0.211549007
2.17,0.210850449
2.18,0.210155947
2.19,0.209465411
2.2,0.208778782
2.21,0.208096071
2.22,0.207417259
2.23,0.206742263
2.24,0.206071121
2.25,0.205403748
2.26,0.204740107
2.27,0.204080209
2.28,0.203424045
2.29,0.202771515
2.3,0.202122629
2.31,0.20147737
2.32,0.200835726
2.33,0.200197611
2.34,0.199563014
2.35,0.198931954
2.36,0.198304417
2.37,0.197680276
2.38,0.197059577
2.39,0.196442325
2.4,0.195828414
2.41,0.195217881
2.42,0.194610686
2.43,0.194006788
2.44,0.193407235
2.45,0.192813247
2.46,0.192222438
2.47,0.191634881
2.48,0.191050526
2.49,0.190469324
2.5,0.18989129
2.51,0.189316391
2.52,0.188744565
2.53,0.188175843
2.54,0.18761021
2.55,0.187047613
2.56,0.186488013
2.57,0.185931459
2.58,0.18537788
2.59,0.184827275
2.6,0.184279562
2.61,0.183734831
2.62,0.183193023
2.63,0.18265408
2.64,0.182118013
2.65,0.181584786
2.66,0.181054374
2.67,0.180526813
2.68,0.180002033
2.69,0.179480078
2.7,0.178960856
2.71,0.178444361
2.72,0.177930612
2.73,0.177419594
2.74,0.176911236
2.75,0.176405578
2.76,0.175902565
2.77,0.175402222
2.78,0.174904448
2.79,0.174409332
2.8,0.173916809
2.81,0.173426867
2.82,0.172939498
2.83,0.172454681
2.84,0.17197237
2.85,0.171492612
2.86,0.171015313
2.87,0.170539939
2.88,0.170066363
2.89,0.16959523
2.9,0.169126546
2.91,0.168660305
2.92,0.168196463
2.93,0.167735031
2.94,0.167275978
2.95,0.166819287
2.96,0.166364965
2.97,0.165912983
2.98,0.165463328
2.99,0.165015989
3,0.164570955
3.01,0.164174295
3.02,0.163779436
3.03,0.163386376
3.04,0.162995091
3.05,0.162605579
3.06,0.162217835
3.07,0.161831845
3.08,0.161447611
3.09,0.161065121
3.1,0.160684365
3.11,0.160305328
3.12,0.159928015
3.13,0.159552408
3.14,0.159178509
3.15,0.158806311
3.16,0.158435787
3.17,0.158066947
3.18,0.157699782
3.19,0.157334273
3.2,0.15697042
3.21,0.156608226
3.22,0.156247665
3.23,0.155888732
3.24,0.155531427
3.25,0.155175742
3.26,0.154821665
3.27,0.154469194
3.28,0.154118314
3.29,0.153769019
3.3,0.153421302
3.31,0.153075166
3.32,0.15273057
3.33,0.152387553
3.34,0.152046077
3.35,0.151706142
3.36,0.151367735
3.37,0.151030858
3.38,0.150695504
3.39,0.150361663
3.4,0.150029311
3.41,0.149698468
3.42,0.149369106
3.43,0.149041221
3.44,0.148714824
3.45,0.148389884
3.46,0.148066411
3.47,0.147744378
3.48,0.147423801
3.49,0.147104661
3.5,0.146786931
3.51,0.14647064
3.52,0.146155766
3.53,0.145842295
3.54,0.145530215
3.55,0.145219539
3.56,0.144910242
3.57,0.144602329
3.58,0.144295791
3.59,0.143990606
3.6,0.143686783
3.61,0.143384305
3.62,0.143083171
3.63,0.142783383
3.64,0.142484914
3.65,0.142187775
3.66,0.141891929
3.67,0.14159741
3.68,0.141304181
3.69,0.141012244
3.7,0.140723771
3.71,0.140435114
3.72,0.140147748
3.73,0.139861667
3.74,0.139576855
3.75,0.139293313
3.76,0.139011025
3.77,0.138729988
3.78,0.138450196
3.79,0.138171648
3.8,0.137894333
3.81,0.137618234
3.82,0.137343356
3.83,0.137069694
3.84,0.136797226
3.85,0.136525955
3.86,0.136255877
3.87,0.135986991
3.88,0.135719265
3.89,0.13545271
3.9,0.135187323
3.91,0.134923095
3.92,0.134660009
3.93,0.134398062
3.94,0.134137253
3.95,0.133877577
3.96,0.133619013
3.97,0.133361565
3.98,0.133105234
3.99,0.13285
4,0.132595847
4.01,0.132342793
4.02,0.132090816
4.03,0.131839908
4.04,0.131590071
4.05,0.131341306
4.06,0.131093582
4.07,0.130846904
4.08,0.130601258
4.09,0.130356657
4.1,0.130113083
4.11,0.129870527
4.12,0.129628983
4.13,0.129388451
4.14,0.129148917
4.15,0.12891037
4.16,0.128672816
4.17,0.12843625
4.18,0.128200643
4.19,0.127966004
4.2,0.127732335
4.21,0.127499615
4.22,0.127267847
4.23,0.127037011
4.24,0.126807115
4.25,0.126578153
4.26,0.126350108
4.27,0.126122968
4.28,0.125896743
4.29,0.12567142
4.3,0.125446995
4.31,0.12522346
4.32,0.125000804
4.33,0.124779031
4.34,0.124558114
4.35,0.124338078
4.36,0.124118884
4.37,0.123900554
4.38,0.123683059
4.39,0.123466405
4.4,0.123250583
4.41,0.12303558
4.42,0.122821393
4.43,0.122608024
4.44,0.122395465
4.45,0.122183708
4.46,0.121972737
4.47,0.121762546
4.48,0.121553154
4.49,0.121344519
4.5,0.121136665
4.51,0.120929566
4.52,0.120723221
4.53,0.120517633
4.54,0.120312782
4.55,0.120108671
4.56,0.119904207
4.57,0.119697468
4.58,0.119491451
4.59,0.119286144
4.6,0.119081542
4.61,0.118877644
4.62,0.118674437
4.63,0.118471906
4.64,0.118270081
4.65,0.11806891
4.66,0.117868411
4.67,0.117668584
4.68,0.117469414
4.69,0.117270893
4.7,0.117073011
4.71,0.116875761
4.72,0.116679159
4.73,0.116483182
4.74,0.116287815
4.75,0.116093072
4.76,0.115898931
4.77,0.115705407
4.78,0.115512464
4.79,0.11532012
4.8,0.115128356
4.81,0.114937169
4.82,0.114746554
4.83,0.11455652
4.84,0.114367036
4.85,0.114178101
4.86,0.113989719
4.87,0.113801885
4.88,0.113614591
4.89,0.113427817
4.9,0.113241574
4.91,0.113055848
4.92,0.112870635
4.93,0.112685929
4.94,0.112501724
4.95,0.112318028
4.96,0.112134806
4.97,0.111952082
4.98,0.111769816
4.99,0.111588041
5,0.111406716
5.01,0.111225861
5.02,0.11104546
5.03,0.110865512
5.04,0.110685991
5.05,0.110506922
5.06,0.110328286
5.07,0.110150077
5.08,0.109972281
5.09,0.109794893
5.1,0.109617918
5.11,0.109441348
5.12,0.109265174
5.13,0.109089395
5.14,0.108913995
5.15,0.108738978
5.16,0.108564334
5.17,0.108390056
5.18,0.108216154
5.19,0.108042583
5.2,0.107869375
5.21,0.107696517
5.22,0.107523992
5.23,0.107351803
5.24,0.107179951
5.25,0.107008405
5.26,0.106837194
5.27,0.106666282
5.28,0.106495674
5.29,0.106325368
5.3,0.106155355
5.31,0.105985633
5.32,0.105816197
5.33,0.105647026
5.34,0.105478144
5.35,0.105309517
5.36,0.105141148
5.37,0.10497305
5.38,0.10480518
5.39,0.104637565
5.4,0.104470186
5.41,0.104303037
5.42,0.104136117
5.43,0.103969421
5.44,0.103802938
5.45,0.103636666
5.46,0.103470592
5.47,0.103304728
5.48,0.103139051
5.49,0.102973557
5.5,0.102808248
5.51,0.102643123
5.52,0.102478161
5.53,0.102313376
5.54,0.102148738
5.55,0.101984262
5.56,0.101819936
5.57,0.10165575
5.58,0.101491709
5.59,0.101327792
5.6,0.101164009
5.61,0.101000343
5.62,0.1008368
5.63,0.100673364
5.64,0.100510034
5.65,0.100346805
5.66,0.100183661
5.67,0.100020627
5.68,0.099857662
5.69,0.099694771
5.7,0.099531964
5.71,0.099369219
5.72,0.09920654
5.73,0.09904391
5.74,0.098881335
5.75,0.098718816
5.76,0.098556327
5.77,0.098393868
5.78,0.098231449
5.79,0.098069053
5.8,0.097906671
5.81,0.097744311
5.82,0.097581955
5.83,0.0974196
5.84,0.097257243
5.85,0.097094871
5.86,0.096932509
5.87,0.096770104
5.88,0.096607683
5.89,0.096445242
5.9,0.096282759
5.91,0.096120231
5.92,0.095957665
5.93,0.095795048
5.94,0.095632378
5.95,0.09546964
5.96,0.095306838
5.97,0.095143977
5.98,0.094981023
5.99,0.094817999
6,0.094654875
6.01,0.094505524
6.02,0.094372077
6.03,0.094238871
6.04,0.094105923
6.05,0.093973224
6.06,0.093840762
6.07,0.093708557
6.08,0.093576597
6.09,0.093444873
6.1,0.093313402
6.11,0.093182174
6.12,0.093051178
6.13,0.092920433
6.14,0.092789929
6.15,0.092659654
6.16,0.092529619
6.17,0.092399831
6.18,0.09227026
6.19,0.092140945
6.2,0.092011846
6.21,0.091882992
6.22,0.091754371
6.23,0.091625973
6.24,0.091497817
6.25,0.091369882
6.26,0.091242178
6.27,0.091114704
6.28,0.090987458
6.29,0.090860431
6.3,0.090733641
6.31,0.090607067
6.32,0.090480719
6.33,0.090354586
6.34,0.090228687
6.35,0.090103001
6.36,0.089977538
6.37,0.089852297
6.38,0.089727267
6.39,0.089602457
6.4,0.089477877
6.41,0.089353495
6.42,0.089229332
6.43,0.089105395
6.44,0.088981655
6.45,0.088858131
6.46,0.088734832
6.47,0.088611727
6.48,0.088488846
6.49,0.088366168
6.5,0.088243702
6.51,0.088121447
6.52,0.087999383
6.53,0.087877538
6.54,0.087755903
6.55,0.087634466
6.56,0.087513228
6.57,0.087392196
6.58,0.087271371
6.59,0.087150751
6.6,0.087030316
6.61,0.086910096
6.62,0.086790069
6.63,0.086670235
6.64,0.086550614
6.65,0.086431184
6.66,0.086311945
6.67,0.086192896
6.68,0.086074057
6.69,0.085955406
6.7,0.085836944
6.71,0.085718679
6.72,0.085600601
6.73,0.085482729
6.74,0.085365033
6.75,0.085247532
6.76,0.085130215
6.77,0.085013091
6.78,0.084896161
6.79,0.084779403
6.8,0.084662836
6.81,0.084546461
6.82,0.084430266
6.83,0.084314261
6.84,0.084198435
6.85,0.084082788
6.86,0.083967328
6.87,0.083852046
6.88,0.083736951
6.89,0.083622031
6.9,0.083507297
6.91,0.083392728
6.92,0.083278353
6.93,0.083164142
6.94,0.083050114
6.95,0.082936268
6.96,0.082822585
6.97,0.082709092
6.98,0.08259576
6.99,0.082482609
7,0.082376409
7.01,0.082284465
7.02,0.082192808
7.03,0.08210143
7.04,0.082010312
7.05,0.081919467
7.06,0.081828911
7.07,0.081738612
7.08,0.081648591
7.09,0.081558831
7.1,0.081469343
7.11,0.081380121
7.12,0.081291168
7.13,0.081202471
7.14,0.081114038
7.15,0.081025869
7.16,0.080937953
7.17,0.080851145
7.18,0.080765012
7.19,0.080679145
7.2,0.080593536
7.21,0.080508177
7.22,0.080423079
7.23,0.080338225
7.24,0.080253622
7.25,0.080169282
7.26,0.080085186
7.27,0.080001348
7.28,0.079917743
7.29,0.079834391
7.3,0.079751289
7.31,0.079668424
7.32,0.079585806
7.33,0.079503437
7.34,0.079421309
7.35,0.07933942
7.36,0.07925777
7.37,0.079176359
7.38,0.079095196
7.39,0.079014256
7.4,0.078933563
7.41,0.078853102
7.42,0.078772873
7.43,0.078692879
7.44,0.078613112
7.45,0.078533579
7.46,0.078454286
7.47,0.078375218
7.48,0.078296368
7.49,0.078217767
7.5,0.078139374
7.51,0.078061213
7.52,0.077983285
7.53,0.077905573
7.54,0.077828083
7.55,0.077750814
7.56,0.077673776
7.57,0.077596957
7.58,0.077520349
7.59,0.077443959
7.6,0.077367804
7.61,0.077291847
7.62,0.077216118
7.63,0.077140602
7.64,0.077065299
7.65,0.076990212
7.66,0.076915337
7.67,0.076840673
7.68,0.07676623
7.69,0.076691987
7.7,0.07661795
7.71,0.076544126
7.72,0.076470508
7.73,0.076397098
7.74,0.076323906
7.75,0.076250907
7.76,0.076178121
7.77,0.076105532
7.78,0.076033146
7.79,0.075960961
7.8,0.075888982
7.81,0.075817199
7.82,0.075745627
7.83,0.075674244
7.84,0.075603071
7.85,0.075532078
7.86,0.075461288
7.87,0.075390708
7.88,0.075320305
7.89,0.075250105
7.9,0.075180109
7.91,0.075110284
7.92,0.075040666
7.93,0.074971239
7.94,0.074902004
7.95,0.07483296
7.96,0.074764096
7.97,0.074695421
7.98,0.074626947
7.99,0.074558647
8,0.074490537
8.01,0.074422624
8.02,0.074354886
8.03,0.074287335
8.04,0.074219967
8.05,0.074152772
8.06,0.074085783
8.07,0.074018956
8.08,0.073952311
8.09,0.073885857
8.1,0.073816721
8.11,0.07374773
8.12,0.073678941
8.13,0.073610345
8.14,0.073541939
8.15,0.073473728
8.16,0.073405719
8.17,0.0733379
8.18,0.073270268
8.19,0.073202824
8.2,0.073135583
8.21,0.073068524
8.22,0.073001651
8.23,0.07293498
8.24,0.072868491
8.25,0.072802182
8.26,0.072736064
8.27,0.072670126
8.28,0.072604379
8.29,0.072538811
8.3,0.072473432
8.31,0.072408242
8.32,0.072343216
8.33,0.072278389
8.34,0.072213735
8.35,0.072149263
8.36,0.072084969
8.37,0.072020843
8.38,0.071956909
8.39,0.071893151
8.4,0.071829564
8.41,0.071766149
8.42,0.071702918
8.43,0.071639855
8.44,0.071576976
8.45,0.071514252
8.46,0.071451708
8.47,0.071389348
8.48,0.071327142
8.49,0.071265115
8.5,0.071203266
8.51,0.071141571
8.52,0.071080054
8.53,0.071018694
8.54,0.070957507
8.55,0.070896487
8.56,0.070835638
8.57,0.070774946
8.58,0.070714421
8.59,0.070654066
8.6,0.070593868
8.61,0.070533845
8.62,0.070473967
8.63,0.070414259
8.64,0.070354711
8.65,0.070295317
8.66,0.070236092
8.67,0.070177026
8.68,0.070118109
8.69,0.070059365
8.7,0.070000774
8.71,0.069942336
8.72,0.069884045
8.73,0.069825918
8.74,0.069767957
8.75,0.069710132
8.76,0.06965247
8.77,0.069594959
8.78,0.069537604
8.79,0.069480404
8.8,0.06942335
8.81,0.069366451
8.82,0.069309693
8.83,0.069253099
8.84,0.06919664
8.85,0.069140345
8.86,0.069084189
8.87,0.069028177
8.88,0.068972318
8.89,0.068916608
8.9,0.068861046
8.91,0.068805627
8.92,0.06875035
8.93,0.068695215
8.94,0.068640228
8.95,0.068585383
8.96,0.068530685
8.97,0.068476123
8.98,0.068421707
8.99,0.068367431
9,0.068313308
9.01,0.068259309
9.02,0.068205455
9.03,0.068151741
9.04,0.068098168
9.05,0.068044733
9.06,0.067991434
9.07,0.067938273
9.08,0.067885251
9.09,0.067832363
9.1,0.067779608
9.11,0.067726997
9.12,0.067674513
9.13,0.067622162
9.14,0.067569954
9.15,0.067517883
9.16,0.067465934
9.17,0.067414113
9.18,0.067362443
9.19,0.067310894
9.2,0.067259467
9.21,0.06720818
9.22,0.067157025
9.23,0.067105994
9.24,0.067055099
9.25,0.067004325
9.26,0.066953681
9.27,0.066903171
9.28,0.066852796
9.29,0.06680253
9.3,0.066752398
9.31,0.066702395
9.32,0.066652512
9.33,0.066602761
9.34,0.066553134
9.35,0.06650362
9.36,0.066454239
9.37,0.066404981
9.38,0.066355854
9.39,0.066306845
9.4,0.066257954
9.41,0.066209179
9.42,0.066160531
9.43,0.06611202
9.44,0.066063614
9.45,0.066015325
9.46,0.065967162
9.47,0.06591911
9.48,0.065871188
9.49,0.065823376
9.5,0.06577569
9.51,0.065728119
9.52,0.065680662
9.53,0.065633324
9.54,0.065586112
9.55,0.065538998
9.56,0.065492013
9.57,0.065445133
9.58,0.065398366
9.59,0.065351722
9.6,0.065305201
9.61,0.065258774
9.62,0.065212469
9.63,0.065166277
9.64,0.065120203
9.65,0.065074246
9.66,0.065028391
9.67,0.064982638
9.68,0.064937011
9.69,0.064891487
9.7,0.064846079
9.71,0.064800782
9.72,0.064755581
9.73,0.064710506
9.74,0.064665527
9.75,0.064620663
9.76,0.064575915
9.77,0.064531262
9.78,0.064486719
9.79,0.064442285
9.8,0.064397957
9.81,0.064353742
9.82,0.064309618
9.83,0.064265602
9.84,0.0642217
9.85,0.064177897
9.86,0.064134198
9.87,0.064090613
9.88,0.064047125
9.89,0.064003741
9.9,0.06396046
9.91,0.063917281
9.92,0.06387421
9.93,0.063831232
9.94,0.063788361
9.95,0.063745592
9.96,0.06370292
9.97,0.06366035
9.98,0.063617891
9.99,0.063575515
10,0.063533244
10.01,0.063518687
10.02,0.063502594
10.03,0.063486547
10.04,0.063470538
10.05,0.063454575
10.06,0.063438659
10.07,0.06342279
10.08,0.063406958
10.09,0.063391178
10.1,0.063375439
10.11,0.063359737
10.12,0.063344082
10.13,0.063328474
10.14,0.063312907
10.15,0.063297378
10.16,0.063281895
10.17,0.063266454
10.18,0.063251054
10.19,0.063235697
10.2,0.063220391
10.21,0.063205117
10.22,0.063189885
10.23,0.063174689
10.24,0.063159551
10.25,0.063144439
10.26,0.063129379
10.27,0.06311435
10.28,0.063099364
10.29,0.063084419
10.3,0.063069521
10.31,0.063054665
10.32,0.06303984
10.33,0.063025057
10.34,0.063010311
10.35,0.062995606
10.36,0.062980949
10.37,0.062966333
10.38,0.062951749
10.39,0.062937202
10.4,0.062922696
10.41,0.062908227
10.42,0.0628938
10.43,0.062879409
10.44,0.06286506
10.45,0.062850738
10.46,0.062836468
10.47,0.062822234
10.48,0.062808042
10.49,0.062793877
10.5,0.062779758
10.51,0.062765666
10.52,0.062751626
10.53,0.062737613
10.54,0.062723641
10.55,0.062709701
10.56,0.062695802
10.57,0.062681931
10.58,0.06266812
10.59,0.062654322
10.6,0.062640565
10.61,0.062626855
10.62,0.062613172
10.63,0.062599525
10.64,0.062585915
10.65,0.062572342
10.66,0.0625588
10.67,0.0625453
10.68,0.062531837
10.69,0.062518405
10.7,0.062505005
10.71,0.062491646
10.72,0.06247831
10.73,0.06246502
10.74,0.062451766
10.75,0.062438539
10.76,0.062425349
10.77,0.062412195
10.78,0.062399068
10.79,0.062385983
10.8,0.062372935
10.81,0.062359917
10.82,0.062346927
10.83,0.062333968
10.84,0.062321055
10.85,0.062308175
10.86,0.062295321
10.87,0.062282499
10.88,0.062269703
10.89,0.062256953
10.9,0.062244241
10.91,0.06223154
10.92,0.062218885
10.93,0.062206263
10.94,0.062193666
10.95,0.062181106
10.96,0.062168589
10.97,0.062156087
10.98,0.062143627
10.99,0.062131194
11,0.062118792
11.01,0.062106427
11.02,0.062094083
11.03,0.062081781
11.04,0.06206951
11.05,0.062057257
11.06,0.062045049
11.07,0.062032864
11.08,0.062020714
11.09,0.062008586
11.1,0.061996501
11.11,0.061984431
11.12,0.061972413
11.13,0.061960406
11.14,0.061948436
11.15,0.061936497
11.16,0.06192458
11.17,0.061912707
11.18,0.061900856
11.19,0.061889037
11.2,0.061877242
11.21,0.061865479
11.22,0.061853748
11.23,0.061842049
11.24,0.061830373
11.25,0.061818729
11.26,0.061807107
11.27,0.061795517
11.28,0.061783969
11.29,0.061772433
11.3,0.061760929
11.31,0.061749455
11.32,0.061738015
11.33,0.061726596
11.34,0.061715208
11.35,0.061703851
11.36,0.061692517
11.37,0.061681213
11.38,0.061669931
11.39,0.06165869
11.4,0.06164746
11.41,0.061636271
11.42,0.061625103
11.43,0.061613956
11.44,0.06160285
11.45,0.061591764
11.46,0.06158071
11.47,0.061571555
11.48,0.061562749
11.49,0.061553982
11.5,0.061545237
11.51,0.061536522
11.52,0.061527827
11.53,0.061519162
11.54,0.061510528
11.55,0.061501913
11.56,0.061493329
11.57,0.061484765
11.58,0.061476231
11.59,0.061467727
11.6,0.061459242
11.61,0.061450788
11.62,0.061442353
11.63,0.061433958
11.64,0.061425572
11.65,0.061417215
11.66,0.061408889
11.67,0.061400591
11.68,0.061392303
11.69,0.061384055
11.7,0.061375826
11.71,0.061367615
11.72,0.061359444
11.73,0.061351282
11.74,0.061343159
11.75,0.061335055
11.76,0.06132697
11.77,0.061318923
11.78,0.061310885
11.79,0.061302876
11.8,0.061294896
11.81,0.061286934
11.82,0.061279001
11.83,0.061271086
11.84,0.061263199
11.85,0.061255341
11.86,0.061247502
11.87,0.06123968
11.88,0.061231898
11.89,0.061224122
11.9,0.061216375
11.91,0.061208656
11.92,0.061200955
11.93,0.061193282
11.94,0.061185626
11.95,0.061177999
11.96,0.061170399
11.97,0.061162807
11.98,0.061155253
11.99,0.061147716
12,0.061140197
12.01,0.061132705
12.02,0.061125231
12.03,0.061117784
12.04,0.061110364
12.05,0.061102962
12.06,0.061095577
12.07,0.061088219
12.08,0.061080888
12.09,0.061073574
12.1,0.061066287
12.11,0.061059018
12.12,0.061051765
12.13,0.061044539
12.14,0.06103733
12.15,0.061030157
12.16,0.061022992
12.17,0.061015853
12.18,0.06100873
12.19,0.061001634
12.2,0.060994555
12.21,0.060987512
12.22,0.060980476
12.23,0.060973465
12.24,0.060966472
12.25,0.060959494
12.26,0.060952553
12.27,0.060945628
12.28,0.060938719
12.29,0.060931826
12.3,0.060924959
12.31,0.060918118
12.32,0.060911293
12.33,0.060904494
12.34,0.060897701
12.35,0.060890944
12.36,0.060884202
12.37,0.060877476
12.38,0.060870776
12.39,0.060864091
12.4,0.060857432
12.41,0.060850789
12.42,0.060844171
12.43,0.060837558
12.44,0.060830981
12.45,0.060824419
12.46,0.060817872
12.47,0.060811341
12.48,0.060804845
12.49,0.060798364
12.5,0.060791898
12.51,0.060785447
12.52,0.060779021
12.53,0.060772621
12.54,0.060766225
12.55,0.060759854
12.56,0.060753508
12.57,0.060747176
12.58,0.06074086
12.59,0.060734568
12.6,0.060728301
12.61,0.060722038
12.62,0.060715801
12.63,0.060709588
12.64,0.060703388
12.65,0.060697204
12.66,0.060691045
12.67,0.060684899
12.68,0.060678778
12.69,0.060672671
12.7,0.060666589
12.71,0.060660511
12.72,0.060654456
12.73,0.060648427
12.74,0.060642411
12.75,0.060636419
12.76,0.060630431
12.77,0.060624478
12.78,0.060618528
12.79,0.060612602
12.8,0.0606067
12.81,0.060600801
12.82,0.060594927
12.83,0.060589077
12.84,0.06058324
12.85,0.060577417
12.86,0.060571617
12.87,0.060565831
12.88,0.060560058
12.89,0.06055431
12.9,0.060548574
12.91,0.060542862
12.92,0.060537163
12.93,0.060531478
12.94,0.060525816
12.95,0.060520168
12.96,0.060514532
12.97,0.06050892
12.98,0.060503321
12.99,0.060497745
13,0.060492183
13.01,0.060486633
13.02,0.060481107
13.03,0.060475593
13.04,0.060470092
13.05,0.060464615
13.06,0.06045915
13.07,0.060453698
13.08,0.060448269
13.09,0.060442852
13.1,0.060437459
13.11,0.060432068
13.12,0.060426709
13.13,0.060421364
13.14,0.060416021
13.15,0.0604107
13.16,0.060405403
13.17,0.060400117
13.18,0.060394844
13.19,0.060389594
13.2,0.060384356
13.21,0.06037913
13.22,0.060373927
13.23,0.060368736
13.24,0.060363557
13.25,0.0603584
13.26,0.060353256
13.27,0.060348124
13.28,0.060343004
13.29,0.060337916
13.3,0.06033283
13.31,0.060327766
13.32,0.060322714
13.33,0.060317674
13.34,0.060312646
13.35,0.06030765
13.36,0.060302656
13.37,0.060297674
13.38,0.060292713
13.39,0.060287764
13.4,0.060282837
13.41,0.060277922
13.42,0.060273018
13.43,0.060268136
13.44,0.060263256
13.45,0.060258396
13.46,0.060253559
13.47,0.060248734
13.48,0.060243919
13.49,0.060239117
13.5,0.060234335
13.51,0.060229565
13.52,0.060224807
13.53,0.060220069
13.54,0.060215343
13.55,0.060210628
13.56,0.060205935
13.57,0.060201253
13.58,0.060196572
13.59,0.060191921
13.6,0.060187273
13.61,0.060182645
13.62,0.060178038
13.63,0.060173443
13.64,0.060168858
13.65,0.060164284
13.66,0.060159722
13.67,0.06015518
13.68,0.060150649
13.69,0.060146128
13.7,0.060141629
13.71,0.060137141
13.72,0.060132664
13.73,0.060128207
13.74,0.06012376
13.75,0.060119325
13.76,0.0601149
13.77,0.060110496
13.78,0.060106102
13.79,0.060101719
13.8,0.060097357
13.81,0.060092994
13.82,0.060088653
13.83,0.060084332
13.84,0.060080021
13.85,0.060075712
13.86,0.060071431
13.87,0.060067152
13.88,0.060062893
13.89,0.060058644
13.9,0.060054406
13.91,0.060050187
13.92,0.060045969
13.93,0.060041781
13.94,0.060037594
13.95,0.060033426
13.96,0.060029269
13.97,0.060025121
13.98,0.060020984
13.99,0.060016867
14,0.060012759
14.01,0.060008662
14.02,0.060004585
14.03,0.060000507
14.04,0.059996449
14.05,0.059992412
14.06,0.059988374
14.07,0.059984356
14.08,0.059980348
14.09,0.05997635
14.1,0.059972361
14.11,0.059968402
14.12,0.059964443
14.13,0.059960493
14.14,0.059956554
14.15,0.059952633
14.16,0.059948723
14.17,0.059944832
14.18,0.05994094
14.19,0.059937068
14.2,0.059933206
14.21,0.059929353
14.22,0.059925519
14.23,0.059921695
14.24,0.05991788
14.25,0.059914075
14.26,0.059910279
14.27,0.059906512
14.28,0.059902745
14.29,0.059898987
14.3,0.059895238
14.31,0.059891509
14.32,0.059887789
14.33,0.059883602
14.34,0.059877945
14.35,0.059872287
14.36,0.059866648
14.37,0.05986102
14.38,0.059855411
14.39,0.0598498
14.4,0.05984421
14.41,0.059838628
14.42,0.059833056
14.43,0.059827504
14.44,0.05982196
14.45,0.059816426
14.46,0.059810901
14.47,0.059805385
14.48,0.059799888
14.49,0.059794401
14.5,0.059788922
14.51,0.059783463
14.52,0.059778003
14.53,0.059772562
14.54,0.05976713
14.55,0.059761717
14.56,0.059756303
14.57,0.059750907
14.58,0.059745511
14.59,0.059740134
14.6,0.059734776
14.61,0.059729426
14.62,0.059724075
14.63,0.059718744
14.64,0.059713421
14.65,0.059708117
14.66,0.059702821
14.67,0.059697535
14.68,0.059692257
14.69,0.059686988
14.7,0.059681728
14.71,0.059676496
14.72,0.059671253
14.73,0.059666028
14.74,0.059660822
14.75,0.059655615
14.76,0.059650427
14.77,0.059645247
14.78,0.059640075
14.79,0.059634922
14.8,0.059629767
14.81,0.059624632
14.82,0.059619504
14.83,0.059614385
14.84,0.059609284
14.85,0.059604181
14.86,0.059599098
14.87,0.059594032
14.88,0.059588964
14.89,0.059583906
14.9,0.059578865
14.91,0.059573822
14.92,0.059568808
14.93,0.059563792
14.94,0.059558785
14.95,0.059553795
14.96,0.059548814
14.97,0.059543831
14.98,0.059538876
14.99,0.059533919
15,0.05952898
15.01,0.059524049
15.02,0.059519126
15.03,0.059514212
15.04,0.059509305
15.05,0.059504416
15.06,0.059499536
15.07,0.059494653
15.08,0.059489799
15.09,0.059484942
15.1,0.059480103
15.11,0.059475262
15.12,0.059470439
15.13,0.059465624
15.14,0.059460827
15.15,0.059456027
15.16,0.059451246
15.17,0.059446462
15.18,0.059441696
15.19,0.059436947
15.2,0.059432197
15.21,0.059427464
15.22,0.059422729
15.23,0.059418011
15.24,0.059413301
15.25,0.059408609
15.26,0.059403914
15.27,0.059399237
15.28,0.059394568
15.29,0.059389906
15.3,0.059385252
15.31,0.059380606
15.32,0.059375976
15.33,0.059371345
15.34,0.059366731
15.35,0.059362124
15.36,0.059357534
15.37,0.059352943
15.38,0.059348369
15.39,0.059343791
15.4,0.059339232
15.41,0.05933468
15.42,0.059330145
15.43,0.059325607
15.44,0.059321087
15.45,0.059316565
15.46,0.059312059
15.47,0.059307571
15.48,0.05930308
15.49,0.059298596
15.5,0.059294129
15.51,0.05928966
15.52,0.059285218
15.53,0.059280773
15.54,0.059276335
15.55,0.059271904
15.56,0.059267491
15.57,0.059263085
15.58,0.059258685
15.59,0.059254293
15.6,0.059249908
15.61,0.05924554
15.62,0.059241169
15.63,0.059236815
15.64,0.059232468
15.65,0.059228127
15.66,0.059223794
15.67,0.059219478
15.68,0.059215169
15.69,0.059210857
15.7,0.059206561
15.71,0.059202273
15.72,0.059197992
15.73,0.059193716
15.74,0.059189459
15.75,0.059185208
15.76,0.059180964
15.77,0.059176726
15.78,0.059172496
15.79,0.059168272
15.8,0.059164065
15.81,0.059159855
15.82,0.059155661
15.83,0.059151474
15.84,0.059147284
15.85,0.05914312
15.86,0.059138953
15.87,0.059134803
15.88,0.05913065
15.89,0.059126513
15.9,0.059122383
15.91,0.059118259
15.92,0.059114152
15.93,0.059110042
15.94,0.059105937
15.95,0.05910185
15.96,0.059097769
15.97,0.059093695
15.98,0.059089627
15.99,0.059085576
16,0.05908152
16.01,0.059077482
16.02,0.05907344
16.03,0.059069415
16.04,0.059065396
16.05,0.059061383
16.06,0.059057386
16.07,0.059053386
16.08,0.059049402
16.09,0.059045415
16.1,0.059041444
16.11,0.05903748
16.12,0.059033532
16.13,0.059029579
16.14,0.059025633
16.15,0.059021704
16.16,0.059017771
16.17,0.059013854
16.18,0.059009943
16.19,0.059006039
16.2,0.05900215
16.21,0.058998258
16.22,0.058994372
16.23,0.058990502
16.24,0.058986638
16.25,0.058982781
16.26,0.058978929
16.27,0.058975084
16.28,0.058971255
16.29,0.058967422
16.3,0.058963604
16.31,0.058959793
16.32,0.058955979
16.33,0.05895218
16.34,0.058948397
16.35,0.05894461
16.36,0.058940829
16.37,0.058937063
16.38,0.058933295
16.39,0.058929552
16.4,0.058925795
16.41,0.058922053
16.42,0.058918328
16.43,0.058914599
16.44,0.058910875
16.45,0.058907168
16.46,0.058903466
16.47,0.05889976
16.48,0.05889607
16.49,0.058892396
16.5,0.058888718
16.51,0.058885045
16.52,0.058881388
16.53,0.058877728
16.54,0.058874082
16.55,0.058870443
16.56,0.058866809
16.57,0.058863181
16.58,0.058859559
16.59,0.058855942
16.6,0.058852342
16.61,0.058848746
16.62,0.058845147
16.63,0.058841563
16.64,0.058837985
16.65,0.058834413
16.66,0.058830855
16.67,0.058827294
16.68,0.058823739
16.69,0.058820199
16.7,0.058816654
16.71,0.058813125
16.72,0.058809602
16.73,0.058806084
16.74,0.058802572
16.75,0.058799075
16.76,0.058795574
16.77,0.058792088
16.78,0.058788598
16.79,0.058785123
16.8,0.058781654
16.81,0.05877819
16.82,0.058774732
16.83,0.058771279
16.84,0.058767841
16.85,0.058764399
16.86,0.058760963
16.87,0.058757541
16.88,0.058754125
16.89,0.058750715
16.9,0.05874731
16.91,0.05874391
16.92,0.058740515
16.93,0.058737136
16.94,0.058733752
16.95,0.058730384
16.96,0.058727011
16.97,0.058723653
16.98,0.0587203
16.99,0.058716953
17,0.05871361
17.01,0.058710273
17.02,0.058706952
17.03,0.058703625
17.04,0.058700314
17.05,0.058697008
17.06,0.058693697
17.07,0.058690401
17.08,0.05868711
17.09,0.058683825
17.1,0.058680555
17.11,0.05867728
17.12,0.05867401
17.13,0.058670755
17.14,0.058667505
17.15,0.058664261
17.16,0.058661011
17.17,0.058657776
17.18,0.058654547
17.19,0.058651323
17.2,0.0586471
17.21,0.058643552
17.22,0.058640019
17.23,0.058636481
17.24,0.058632957
17.25,0.058629438
17.26,0.058625923
17.27,0.058622414
17.28,0.058618908
17.29,0.058615408
17.3,0.058611912
17.31,0.058608431
17.32,0.058604954
17.33,0.058601472
17.34,0.058598005
17.35,0.058594542
17.36,0.058591083
17.37,0.058587629
17.38,0.05858418
17.39,0.058580736
17.4,0.058577296
17.41,0.05857387
17.42,0.058570449
17.43,0.058567022
17.44,0.05856361
17.45,0.058560202
17.46,0.05855679
17.47,0.058553391
17.48,0.058550007
17.49,0.058546617
17.5,0.058543231
17.51,0.05853986
17.52,0.058536484
17.53,0.058533122
17.54,0.058529764
17.55,0.058526401
17.56,0.058523052
17.57,0.058519708
17.58,0.058516367
17.59,0.058513032
17.6,0.05850971
17.61,0.058506382
17.62,0.05850306
17.63,0.058499751
17.64,0.058496447
17.65,0.058493147
17.66,0.058489842
17.67,0.05848655
17.68,0.058483264
17.69,0.058479981
17.7,0.058476712
17.71,0.058473438
17.72,0.058470168
17.73,0.058466912
17.74,0.05846365
17.75,0.058460403
17.76,0.05845716
17.77,0.05845392
17.78,0.058450686
17.79,0.058447446
17.8,0.058444229
17.81,0.058441007
17.82,0.058437789
17.83,0.058434584
17.84,0.058431375
17.85,0.058428179
17.86,0.058424978
17.87,0.05842179
17.88,0.058418596
17.89,0.058415427
17.9,0.058412252
17.91,0.058409081
17.92,0.058405914
17.93,0.058402751
17.94,0.058399602
17.95,0.058396447
17.96,0.058393296
17.97,0.05839016
17.98,0.058387027
17.99,0.058383898
18,0.058380773
18.01,0.058377642
18.02,0.058374535
18.03,0.058371413
18.04,0.058368314
18.05,0.058365209
18.06,0.058362108
18.07,0.058359021
18.08,0.058355928
18.09,0.058352849
18.1,0.058349773
18.11,0.058346702
18.12,0.058343635
18.13,0.058340561
18.14,0.058337502
18.15,0.058334446
18.16,0.058331404
18.17,0.058328357
18.18,0.058325312
18.19,0.058322282
18.2,0.058319246
18.21,0.058316223
18.22,0.058313204
18.23,0.058310179
18.24,0.058307179
18.25,0.058304161
18.26,0.058301158
18.27,0.058298168
18.28,0.058295162
18.29,0.05829218
18.3,0.058289192
18.31,0.058286217
18.32,0.058283236
18.33,0.058280269
18.34,0.058277296
18.35,0.058274336
18.36,0.05827138
18.37,0.058268428
18.38,0.05826547
18.39,0.058262535
18.4,0.058259584
18.41,0.058256656
18.42,0.058253723
18.43,0.058250793
18.44,0.058247876
18.45,0.058244954
18.46,0.058242045
18.47,0.058239129
18.48,0.058236227
18.49,0.058233329
18.5,0.058230435
18.51,0.058227544
18.52,0.058224656
18.53,0.058221773
18.54,0.058218893
18.55,0.058216017
18.56,0.058213153
18.57,0.058210284
18.58,0.058207428
18.59,0.058204566
18.6,0.058201718
18.61,0.058198872
18.62,0.058196021
18.63,0.058193183
18.64,0.058190348
18.65,0.058187517
18.66,0.05818469
18.67,0.058181866
18.68,0.058179045
18.69,0.058176228
18.7,0.058173425
18.71,0.058170615
18.72,0.058167818
18.73,0.058165015
18.74,0.058162216
18.75,0.058159429
18.76,0.058156646
18.77,0.058153867
18.78,0.058151091
18.79,0.058148319
18.8,0.05814555
18.81,0.058142784
18.82,0.058140022
18.83,0.058137273
18.84,0.058134517
18.85,0.058131766
18.86,0.058129027
18.87,0.058126282
18.88,0.05812355
18.89,0.058120811
18.9,0.058118086
18.91,0.058115364
18.92,0.058112645
18.93,0.05810993
18.94,0.058107219
18.95,0.05810451
18.96,0.058101805
18.97,0.058099103
18.98,0.058096414
18.99,0.058093719
19,0.058091027
19.01,0.058088338
19.02,0.058085662
19.03,0.05808299
19.04,0.058080311
19.05,0.058077645
19.06,0.058074983
19.07,0.058072324
19.08,0.058069668
19.09,0.058067015
19.1,0.058064365
19.11,0.058061719
19.12,0.058059076
19.13,0.058056436
19.14,0.058053809
19.15,0.058051176
19.16,0.058048546
19.17,0.058045929
19.18,0.058043305
19.19,0.058040694
19.2,0.058038086
19.21,0.058035472
19.22,0.058032881
19.23,0.058030273
19.24,0.058027677
19.25,0.058025095
19.26,0.058022497
19.27,0.058019921
19.28,0.058017329
19.29,0.058014759
19.3,0.058012193
19.31,0.058009619
19.32,0.05800705
19.33,0.058004483
19.34,0.058001929
19.35,0.057999378
19.36,0.05799682
19.37,0.057994275
19.38,0.057991734
19.39,0.057989195
19.4,0.057986659
19.41,0.057984127
19.42,0.057981598
19.43,0.057979071
19.44,0.057976548
19.45,0.057974027
19.46,0.05797152
19.47,0.057969006
19.48,0.057966494
19.49,0.057963996
19.5,0.057961491
19.51,0.057958998
19.52,0.057956509
19.53,0.057954012
19.54,0.057951529
19.55,0.057949048
19.56,0.057946571
19.57,0.057944096
19.58,0.057941625
19.59,0.057939156
19.6,0.05793669
19.61,0.057934227
19.62,0.057931777
19.63,0.05792932
19.64,0.057926866
19.65,0.057924415
19.66,0.057921977
19.67,0.057919531
19.68,0.057917099
19.69,0.057914669
19.7,0.057912232
19.71,0.057909809
19.72,0.057907378
19.73,0.05790496
19.74,0.057902554
19.75,0.057900132
19.76,0.057897722
19.77,0.057895316
19.78,0.057892922
19.79,0.057890521
19.8,0.057888123
19.81,0.057885727
19.82,0.057883335
19.83,0.057880955
19.84,0.057878578
19.85,0.057876194
19.86,0.057873823
19.87,0.057871444
19.88,0.057869078
19.89,0.057866706
19.9,0.057864345
19.91,0.057861988
19.92,0.057859633
19.93,0.057857281
19.94,0.057854922
19.95,0.057852586
19.96,0.057850242
19.97,0.057847902
19.98,0.057845563
19.99,0.057843228
20,0.057840905
20.01,0.057838576
20.02,0.057836258
20.03,0.057833934
20.04,0.057831612
20.05,0.057829303
20.06,0.057826997
20.07,0.057824683
20.08,0.057822382
20.09,0.057820083
20.1,0.057817788
20.11,0.057815495
20.12,0.057813195
20.13,0.057810917
20.14,0.057808622
20.15,0.057806349
20.16,0.057804059
20.17,0.057801793
20.18,0.057799518
20.19,0.057797247
20.2,0.057794987
20.21,0.057792721
20.22,0.057790457
20.23,0.057788206
20.24,0.057785947
20.25,0.057783701
20.26,0.057781448
20.27,0.057779207
20.28,0.057776968
20.29,0.057774733
20.3,0.0577725
20.31,0.057770259
20.32,0.057768031
20.33,0.057765806
20.34,0.057763583
20.35,0.057761373
20.36,0.057759145
20.37,0.05775694
20.38,0.057754717
20.39,0.057752517
20.4,0.05775031
20.41,0.057748105
20.42,0.057745913
20.43,0.057743713
20.44,0.057741525
20.45,0.05773934
20.46,0.057737148
20.47,0.057734968
20.48,0.057732781
20.49,0.057730606
20.5,0.057728434
20.51,0.057726254
20.52,0.057724096
20.53,0.057721921
20.54,0.057719759
20.55,0.057717609
20.56,0.057715442
20.57,0.057713297
20.58,0.057711134
20.59,0.057708994
20.6,0.057706846
20.61,0.057704701
20.62,0.057702568
20.63,0.057700428
20.64,0.05769829
20.65,0.057696164
20.66,0.057694031
20.67,0.057691911
20.68,0.057689782
20.69,0.057687667
20.7,0.057685543
20.71,0.057683432
20.72,0.057681323
20.73,0.057679218
20.74,0.057677113
20.75,0.057675012
20.76,0.057672913
20.77,0.057670816
20.78,0.057668722
20.79,0.05766663
20.8,0.057664541
20.81,0.057662453
20.82,0.057660378
20.83,0.057658296
20.84,0.057656216
20.85,0.057654138
20.86,0.057652072
20.87,0.057649999
20.88,0.057647929
20.89,0.05764587
20.9,0.057643804
20.91,0.05764175
20.92,0.057639689
20.93,0.057637639
20.94,0.057635593
20.95,0.057633548
20.96,0.057631505
20.97,0.057629456
20.98,0.057627418
20.99,0.057625382
21,0.057623349
21.01,0.057621318
21.02,0.05761929
21.03,0.057617264
21.04,0.05761525
21.05,0.057613228
21.06,0.057611209
21.07,0.057609191
21.08,0.057607176
21.09,0.057605174
21.1,0.057603163
21.11,0.057601164
21.12,0.057599159
21.13,0.057597165
21.14,0.057595163
21.15,0.057593174
21.16,0.057591177
21.17,0.057589192
21.18,0.057587209
21.19,0.057585219
21.2,0.057583241
21.21,0.057581265
21.22,0.057579281
21.23,0.057577319
21.24,0.05757534
21.25,0.057573372
21.26,0.057571417
21.27,0.057569444
21.28,0.057567493
21.29,0.057565525
21.3,0.057563578
21.31,0.057561624
21.32,0.057559672
21.33,0.057557733
21.34,0.057555784
21.35,0.057553839
21.36,0.057551905
21.37,0.057549964
21.38,0.057548035
21.39,0.057546098
21.4,0.057544173
21.41,0.05754224
21.42,0.057540319
21.43,0.057538401
21.44,0.057536474
21.45,0.05753456
21.46,0.057532648
21.47,0.057530738
21.48,0.05752883
21.49,0.057526914
21.5,0.05752501
21.51,0.057523109
21.52,0.057521209
21.53,0.057519312
21.54,0.057517416
21.55,0.057515533
21.56,0.057513632
21.57,0.057511752
21.58,0.057509865
21.59,0.05750798
21.6,0.057506107
21.61,0.057504226
21.62,0.057502347
21.63,0.057500471
21.64,0.057498606
21.65,0.057496743
21.66,0.057494872
21.67,0.057493013
21.68,0.057491147
21.69,0.057489292
21.7,0.05748744
21.71,0.057485579
21.72,0.057483731
21.73,0.057481874
21.74,0.05748003
21.75,0.057478187
21.76,0.057476347
21.77,0.057474508
21.78,0.057472672
21.79,0.057470837
21.8,0.057469005
21.81,0.057467174
21.82,0.057465346
21.83,0.057463519
21.84,0.057461695
21.85,0.057459882
21.86,0.057458051
21.87,0.057456243
21.88,0.057454426
21.89,0.057452611
21.9,0.057450799
21.91,0.057448998
21.92,0.057447199
21.93,0.057445392
21.94,0.057443588
21.95,0.057441794
21.96,0.057440004
21.97,0.057438205
21.98,0.057436417
21.99,0.057434632
22,0.057432839
22.01,0.057431057
22.02,0.057429278
22.03,0.05742749
22.04,0.057425715
22.05,0.057423941
22.06,0.057422169
22.07,0.057420399
22.08,0.057418632
22.09,0.057416865
22.1,0.057415091
22.11,0.057413339
22.12,0.057411578
22.13,0.05740982
22.14,0.057408063
22.15,0.057406309
22.16,0.057404556
22.17,0.057402805
22.18,0.057401066
22.19,0.057399319
22.2,0.057397573
22.21,0.057395839
22.22,0.057394098
22.23,0.057392368
22.24,0.05739063
22.25,0.057388894
22.26,0.05738717
22.27,0.057385437
22.28,0.057383717
22.29,0.057381998
22.3,0.057380271
22.31,0.057378556
22.32,0.057376843
22.33,0.057375132
22.34,0.057373422
22.35,0.057371704
22.36,0.057369998
22.37,0.057368294
22.38,0.057366592
22.39,0.057364881
22.4,0.057363193
22.41,0.057361495
22.42,0.057359791
22.43,0.057358108
22.44,0.057356416
22.45,0.057354726
22.46,0.057353038
22.47,0.057351352
22.48,0.057349678
22.49,0.057347986
22.5,0.057346315
22.51,0.057344636
22.52,0.057342958
22.53,0.057341293
22.54,0.057339619
22.55,0.057337947
22.56,0.057336287
22.57,0.057334619
22.58,0.057332962
22.59,0.057331297
22.6,0.057329644
22.61,0.057327992
22.62,0.057326333
22.63,0.057324685
22.64,0.057323029
22.65,0.057321384
22.66,0.057319741
22.67,0.057318091
22.68,0.057316461
22.69,0.057314814
22.7,0.057313178
22.71,0.057311544
22.72,0.057309911
22.73,0.057308281
22.74,0.057306652
22.75,0.057305024
22.76,0.057303389
22.77,0.057301775
22.78,0.057300153
22.79,0.057298532
22.8,0.057296914
22.81,0.057295297
22.82,0.057293681
22.83,0.057292078
22.84,0.057290456
22.85,0.057288855
22.86,0.057287247
22.87,0.05728564
22.88,0.057284044
22.89,0.057282441
22.9,0.057280849
22.91,0.057279248
22.92,0.05727766
22.93,0.057273282
22.94,0.05727151
22.95,0.05726975
22.96,0.057267983
22.97,0.057266227
22.98,0.057264462
22.99,0.05726271
23,0.057260959
23.01,0.05725921
23.02,0.057257463
23.03,0.057255707
23.04,0.057253964
23.05,0.057252222
23.06,0.057250472
23.07,0.057248734
23.08,0.057246997
23.09,0.057245262
23.1,0.057243529
23.11,0.057241798
23.12,0.057240069
23.13,0.057238341
23.14,0.057236615
23.15,0.057234891
23.16,0.057233168
23.17,0.057231457
23.18,0.057229728
23.19,0.057228021
23.2,0.057226305
23.21,0.057224592
23.22,0.057222889
23.23,0.057221169
23.24,0.05721947
23.25,0.057217764
23.26,0.057216069
23.27,0.057214365
23.28,0.057212663
23.29,0.057210973
23.3,0.057209275
23.31,0.057207588
23.32,0.057205893
23.33,0.0572042
23.34,0.057202518
23.35,0.057200839
23.36,0.05719915
23.37,0.057197474
23.38,0.057195789
23.39,0.057194116
23.4,0.057192445
23.41,0.057190775
23.42,0.057189097
23.43,0.057187431
23.44,0.057185766
23.45,0.057184103
23.46,0.057182442
23.47,0.057180772
23.48,0.057179114
23.49,0.057177457
23.5,0.057175803
23.51,0.05717415
23.52,0.057172498
23.53,0.057170849
23.54,0.057169201
23.55,0.057167554
23.56,0.05716591
23.57,0.057164266
23.58,0.057162635
23.59,0.057160995
23.6,0.057159356
23.61,0.05715772
23.62,0.057156085
23.63,0.057154462
23.64,0.05715282
23.65,0.0571512
23.66,0.057149572
23.67,0.057147945
23.68,0.05714633
23.69,0.057144706
23.7,0.057143094
23.71,0.057141473
23.72,0.057139865
23.73,0.057138248
23.74,0.057136632
23.75,0.057135028
23.76,0.057133426
23.77,0.057131815
23.78,0.057130216
23.79,0.057128608
23.8,0.057127012
23.81,0.057125418
23.82,0.057123815
23.83,0.057122224
23.84,0.057120634
23.85,0.057119046
23.86,0.05711746
23.87,0.057115865
23.88,0.057114281
23.89,0.0571127
23.9,0.057111119
23.91,0.057109531
23.92,0.057107954
23.93,0.057106388
23.94,0.057104804
23.95,0.057103232
23.96,0.057101661
23.97,0.057100092
23.98,0.057098524
23.99,0.057096957
24,0.057095403
24.01,0.05709383
24.02,0.057092278
24.03,0.057090718
24.04,0.057089159
24.05,0.057087602
24.06,0.057086047
24.07,0.057084503
24.08,0.057082951
24.09,0.0570814
24.1,0.05707985
24.11,0.057078312
24.12,0.057076766
24.13,0.057075222
24.14,0.057073688
24.15,0.057072146
24.16,0.057070606
24.17,0.057069077
24.18,0.05706754
24.19,0.057066014
24.2,0.05706449
24.21,0.057062958
24.22,0.057061426
24.23,0.057059906
24.24,0.057058388
24.25,0.057056861
24.26,0.057055346
24.27,0.057053832
24.28,0.05705231
24.29,0.057050799
24.3,0.05704929
24.31,0.057047772
24.32,0.057046265
24.33,0.057044761
24.34,0.057043257
24.35,0.057041755
24.36,0.057040245
24.37,0.057038746
24.38,0.057037248
24.39,0.057035752
24.4,0.057034247
24.41,0.057032764
24.42,0.057031272
24.43,0.057029772
24.44,0.057028293
24.45,0.057026796
24.46,0.05702532
24.47,0.057023835
24.48,0.057022352
24.49,0.057020871
24.5,0.057019391
24.51,0.057017912
24.52,0.057016434
24.53,0.057014959
24.54,0.057013494
24.55,0.057012011
24.56,0.05701055
24.57,0.05700908
24.58,0.057007611
24.59,0.057006154
24.6,0.057004688
24.61,0.057003223
24.62,0.05700177
24.63,0.057000309
24.64,0.056998858
24.65,0.0569974
24.66,0.056995942
24.67,0.056994486
24.68,0.056993041
24.69,0.056991598
24.7,0.056990146
24.71,0.056988706
24.72,0.056987257
24.73,0.056985819
24.74,0.056984373
24.75,0.056982938
24.76,0.056981505
24.77,0.056980063
24.78,0.056978632
24.79,0.056977203
24.8,0.056975765
24.81,0.056974339
24.82,0.056972903
24.83,0.05697148
24.84,0.056970058
24.85,0.056968636
24.86,0.056967216
24.87,0.056965788
24.88,0.056964372
24.89,0.056962956
24.9,0.056961542
24.91,0.056960129
24.92,0.056958707
24.93,0.056957297
24.94,0.056955888
24.95,0.056954481
24.96,0.056953075
24.97,0.05695167
24.98,0.056950267
24.99,0.056948865
25,0.056947464
0.01,0.266795883
0.02,0.27102708
0.03,0.265664376
0.04,0.260063613
0.05,0.255105914
0.06,0.252310253
0.07,0.249952476
0.08,0.247777588
0.09,0.245779494
0.1,0.243942387
0.11,0.242248674
0.12,0.24068182
0.13,0.23922705
0.14,0.237871527
0.15,0.236602931
0.16,0.235414256
0.17,0.234296056
0.18,0.23324126
0.19,0.232243742
0.2,0.231298159
0.21,0.230399871
0.22,0.229544778
0.23,0.228729265
0.24,0.227950156
0.25,0.227204606
0.26,0.226534844
0.27,0.225893838
0.28,0.225279545
0.29,0.224690163
0.3,0.224124013
0.31,0.223579591
0.32,0.223055506
0.33,0.222550559
0.34,0.222063587
0.35,0.221593546
0.36,0.221139473
0.37,0.220700476
0.38,0.220275777
0.39,0.219864603
0.4,0.219466257
0.41,0.219080083
0.42,0.218705515
0.43,0.218341978
0.44,0.217988953
0.45,0.217645933
0.46,0.21731251
0.47,0.216988238
0.48,0.216672721
0.49,0.216365563
0.5,0.216066459
0.51,0.215775057
0.52,0.215491048
0.53,0.21521414
0.54,0.214944036
0.55,0.214680517
0.56,0.214511842
0.57,0.214525579
0.58,0.214539363
0.59,0.214553231
0.6,0.214567163
0.61,0.21466214
0.62,0.214754284
0.63,0.214846492
0.64,0.214938745
0.65,0.21503108
0.66,0.215123479
0.67,0.215215922
0.68,0.215308447
0.69,0.215401035
0.7,0.215493684
0.71,0.215586378
0.72,0.215679152
0.73,0.215771988
0.74,0.215864885
0.75,0.215957825
0.76,0.216050845
0.77,0.216143926
0.78,0.216237067
0.79,0.216330249
0.8,0.216423511
0.81,0.216516833
0.82,0.216610195
0.83,0.216703636
0.84,0.216797136
0.85,0.216890695
0.86,0.216984294
0.87,0.217077971
0.88,0.217171706
0.89,0.217265499
0.9,0.217359331
0.91,0.218155565
0.92,0.22146889
0.93,0.227639491
0.94,0.234779551
0.95,0.241919612
0.96,0.249059672
0.97,0.256199732
0.98,0.263339793
0.99,0.270479853
1,0.277619913
1.01,0.284759974
1.02,0.291900034
1.03,0.299040094
1.04,0.306180155
1.05,0.313320215
1.06,0.31272921
1.07,0.312137147
1.08,0.311544829
1.09,0.310952826
1.1,0.310349523
1.11,0.309744831
1.12,0.309141909
1.13,0.308540856
1.14,0.307941766
1.15,0.307344689
1.16,0.306352428
1.17,0.30534939
1.18,0.304350156
1.19,0.303354787
1.2,0.302360433
1.21,0.301365318
1.22,0.300374234
1.23,0.299387069
1.24,0.298403914
1.25,0.297424697
1.26,0.296451685
1.27,0.295497364
1.28,0.294555901
1.29,0.293625088
1.3,0.292703798
1.31,0.291791595
1.32,0.290887917
1.33,0.289992577
1.34,0.289105216
1.35,0.288225774
1.36,0.287353985
1.37,0.286489781
1.38,0.285633043
1.39,0.284783694
1.4,0.283941584
1.41,0.283106624
1.42,0.282278603
1.43,0.281457499
1.44,0.280630264
1.45,0.279802657
1.46,0.278981812
1.47,0.278167664
1.48,0.277360274
1.49,0.276559506
1.5,0.275765359
1.51,0.274977847
1.52,0.274196917
1.53,0.273422586
1.54,0.272654761
1.55,0.271893499
1.56,0.271138707
1.57,0.270390455
1.58,0.269648664
1.59,0.268913342
1.6,0.268184467
1.61,0.267462037
1.62,0.266746031
1.63,0.266036481
1.64,0.265333275
1.65,0.264636529
1.66,0.263946164
1.67,0.263262147
1.68,0.262584554
1.69,0.261913308
1.7,0.261248422
1.71,0.260589894
1.72,0.259937694
1.73,0.259291869
1.74,0.258652367
1.75,0.258019254
1.76,0.257392416
1.77,0.256771929
1.78,0.256157759
1.79,0.25554993
1.8,0.254948401
1.81,0.254353201
1.82,0.253764357
1.83,0.253181809
1.84,0.252605564
1.85,0.252035617
1.86,0.251471995
1.87,0.250914685
1.88,0.250363683
1.89,0.249819007
1.9,0.249280664
1.91,0.248748618
1.92,0.248222901
1.93,0.247703476
1.94,0.247190363
1.95,0.246683603
1.96,0.245796424
1.97,0.244910349
1.98,0.244026748
1.99,0.243145635
2,0.242267099
2.01,0.241446509
2.02,0.240626146
2.03,0.239809791
2.04,0.238997388
2.05,0.238188976
2.06,0.237384556
2.07,0.236585591
2.08,0.235794831
2.09,0.235008274
2.1,0.234225807
2.11,0.23344742
2.12,0.232673213
2.13,0.231903086
2.14,0.231137054
2.15,0.230375074
2.16,0.22961721
2.17,0.228863344
2.18,0.228113572
2.19,0.227367823
2.2,0.226626048
2.21,0.225888278
2.22,0.225154495
2.23,0.224424641
2.24,0.223698754
2.25,0.22297677
2.26,0.222258647
2.27,0.221544417
2.28,0.220834074
2.29,0.220127523
2.3,0.219424781
2.31,0.218725838
2.32,0.218030689
2.33,0.217339248
2.34,0.216651508
2.35,0.2159675
2.36,0.215287204
2.37,0.214610504
2.38,0.213937441
2.39,0.213268027
2.4,0.212602157
2.41,0.211939874
2.42,0.21128113
2.43,0.210625889
2.44,0.209978323
2.45,0.20934333
2.46,0.208711715
2.47,0.208083556
2.48,0.207458802
2.49,0.206837403
2.5,0.206219369
2.51,0.205604675
2.52,0.204993255
2.53,0.204385138
2.54,0.203780313
2.55,0.203178717
2.56,0.20258032
2.57,0.201985166
2.58,0.201393183
2.59,0.200804371
2.6,0.20021864
2.61,0.199636085
2.62,0.199056648
2.63,0.198480263
2.64,0.197906944
2.65,0.197336652
2.66,0.196769357
2.67,0.196205099
2.68,0.195643804
2.69,0.195085516
2.7,0.194530135
2.71,0.193977662
2.72,0.193428111
2.73,0.192881459
2.74,0.192337647
2.75,0.191796698
2.76,0.191258565
2.77,0.190723268
2.78,0.190190704
2.79,0.189660961
2.8,0.189133973
2.81,0.188609725
2.82,0.188088205
2.83,0.187569396
2.84,0.187053238
2.85,0.18653979
2.86,0.186028952
2.87,0.185520771
2.88,0.185015211
2.89,0.184512235
2.9,0.184011854
2.91,0.183514061
2.92,0.183018798
2.93,0.182526083
2.94,0.182035885
2.95,0.181548177
2.96,0.181062974
2.97,0.18058024
2.98,0.180099958
2.99,0.17962212
3,0.179146713
3.01,0.178719883
3.02,0.178294978
3.03,0.177871991
3.04,0.17745089
3.05,0.177031682
3.06,0.176614354
3.07,0.176198893
3.08,0.175785297
3.09,0.175373553
3.1,0.17496365
3.11,0.174555569
3.12,0.17414932
3.13,0.17374488
3.14,0.173342246
3.15,0.17294141
3.16,0.172542347
3.17,0.172145064
3.18,0.171749554
3.19,0.171355789
3.2,0.170963772
3.21,0.170573507
3.22,0.170184962
3.23,0.169798133
3.24,0.16941302
3.25,0.16902961
3.26,0.16864789
3.27,0.168267859
3.28,0.167889501
3.29,0.167512807
3.3,0.167137763
3.31,0.166764383
3.32,0.166392616
3.33,0.166022505
3.34,0.165654004
3.35,0.165287122
3.36,0.164921834
3.37,0.164558146
3.38,0.164196048
3.39,0.163835531
3.4,0.163476567
3.41,0.163119178
3.42,0.162763335
3.43,0.162409027
3.44,0.162056269
3.45,0.161705032
3.46,0.16135532
3.47,0.161007101
3.48,0.160660403
3.49,0.160315194
3.5,0.159971449
3.51,0.159629195
3.52,0.159288413
3.53,0.158949082
3.54,0.158611202
3.55,0.158274768
3.56,0.157939763
3.57,0.157606189
3.58,0.15727404
3.59,0.156955587
3.6,0.156646391
3.61,0.156338584
3.62,0.156032164
3.63,0.155727136
3.64,0.155423465
3.65,0.155121168
3.66,0.1548202
3.67,0.154520601
3.68,0.154222328
3.69,0.153925381
3.7,0.153638443
3.71,0.153347008
3.72,0.153056943
3.73,0.152768247
3.74,0.152480903
3.75,0.152194908
3.76,0.151910246
3.77,0.151626918
3.78,0.151344914
3.79,0.151064229
3.8,0.150784854
3.81,0.150506777
3.82,0.150229992
3.83,0.149954498
3.84,0.149680277
3.85,0.149407322
3.86,0.149135634
3.87,0.148865213
3.88,0.148596019
3.89,0.148328068
3.9,0.148061357
3.91,0.147795877
3.92,0.147531601
3.93,0.147268538
3.94,0.14700668
3.95,0.146746018
3.96,0.146486537
3.97,0.146228237
3.98,0.145971119
3.99,0.145715163
4,0.145460352
4.01,0.145206704
4.02,0.144954194
4.03,0.144702813
4.04,0.144452567
4.05,0.144203453
4.06,0.14395544
4.07,0.143708539
4.08,0.143462724
4.09,0.143218009
4.1,0.142974381
4.11,0.142731832
4.12,0.14249035
4.13,0.14224994
4.14,0.142010579
4.15,0.141772264
4.16,0.141534996
4.17,0.141298769
4.18,0.141063557
4.19,0.140829366
4.2,0.140596198
4.21,0.14036403
4.22,0.140132868
4.23,0.139902689
4.24,0.139673501
4.25,0.139445298
4.26,0.139218062
4.27,0.138991781
4.28,0.138766465
4.29,0.138542099
4.3,0.138318679
4.31,0.138096198
4.32,0.137874644
4.33,0.137654019
4.34,0.137434298
4.35,0.137215504
4.36,0.136997597
4.37,0.136780601
4.38,0.136564484
4.39,0.136349254
4.4,0.1361349
4.41,0.135921408
4.42,0.135708776
4.43,0.135497006
4.44,0.135286089
4.45,0.135076016
4.46,0.134866771
4.47,0.134658348
4.48,0.134450765
4.49,0.13424398
4.5,0.134038017
4.51,0.13383285
4.52,0.133628475
4.53,0.133424899
4.54,0.133222098
4.55,0.133020077
4.56,0.132814497
4.57,0.132597697
4.58,0.132381655
4.59,0.132166362
4.6,0.13195181
4.61,0.131737999
4.62,0.131524916
4.63,0.131312546
4.64,0.131100919
4.65,0.130889982
4.66,0.130679754
4.67,0.130470233
4.68,0.130261406
4.69,0.130053264
4.7,0.129845796
4.71,0.129638996
4.72,0.129432879
4.73,0.129227422
4.74,0.129022612
4.75,0.128818459
4.76,0.128614944
4.77,0.12841208
4.78,0.128209833
4.79,0.128008218
4.8,0.127807218
4.81,0.127606828
4.82,0.127407045
4.83,0.127207877
4.84,0.127009292
4.85,0.126811289
4.86,0.126613874
4.87,0.126417038
4.88,0.126220777
4.89,0.126025069
4.9,0.125829922
4.91,0.125635328
4.92,0.125441279
4.93,0.125247767
4.94,0.125054791
4.95,0.124862355
4.96,0.124670425
4.97,0.124479024
4.98,0.124288114
4.99,0.124097725
5,0.123907819
5.01,0.123718413
5.02,0.123529494
5.03,0.123341057
5.04,0.123153078
5.05,0.122965582
5.06,0.12277855
5.07,0.122591976
5.08,0.122405844
5.09,0.122220151
5.1,0.1220349
5.11,0.121850084
5.12,0.121665695
5.13,0.121481731
5.14,0.121298173
5.15,0.121115028
5.16,0.120932287
5.17,0.12074994
5.18,0.120567998
5.19,0.120386416
5.2,0.120205226
5.21,0.120024414
5.22,0.119843963
5.23,0.119663877
5.24,0.119484156
5.25,0.11930477
5.26,0.119125746
5.27,0.118947049
5.28,0.118768684
5.29,0.118590648
5.3,0.118412932
5.31,0.118235535
5.32,0.118058452
5.33,0.11788166
5.34,0.117705184
5.35,0.11752899
5.36,0.11735308
5.37,0.117177468
5.38,0.117002111
5.39,0.116827035
5.4,0.116652222
5.41,0.116477664
5.42,0.116303361
5.43,0.116129309
5.44,0.115955495
5.45,0.115781917
5.46,0.115608563
5.47,0.115435445
5.48,0.115262538
5.49,0.115089841
5.5,0.114917353
5.51,0.114745074
5.52,0.114572982
5.53,0.114401093
5.54,0.114229375
5.55,0.114057843
5.56,0.113886487
5.57,0.113715294
5.58,0.11354427
5.59,0.113373395
5.6,0.113202678
5.61,0.1130321
5.62,0.112861671
5.63,0.11269137
5.64,0.112521201
5.65,0.112351155
5.66,0.112181218
5.67,0.112011414
5.68,0.111841701
5.69,0.111672087
5.7,0.111502578
5.71,0.111333155
5.72,0.11116382
5.73,0.110994557
5.74,0.110845676
5.75,0.110711789
5.76,0.110577955
5.77,0.110444172
5.78,0.110310451
5.79,0.110176775
5.8,0.110043135
5.81,0.109909539
5.82,0.109775969
5.83,0.109642421
5.84,0.109508891
5.85,0.10937537
5.86,0.109241879
5.87,0.109108366
5.88,0.108974858
5.89,0.108841351
5.9,0.108707824
5.91,0.108574271
5.92,0.108440702
5.93,0.108307102
5.94,0.108173469
5.95,0.108039789
5.96,0.107906066
5.97,0.107772302
5.98,0.107638467
5.99,0.107504582
6,0.107370616
6.01,0.107250468
6.02,0.107146274
6.03,0.107042341
6.04,0.106938687
6.05,0.106835301
6.06,0.106732173
6.07,0.106629321
6.08,0.106526735
6.09,0.106424404
6.1,0.106322345
6.11,0.10622055
6.12,0.106119006
6.13,0.106017733
6.14,0.10591672
6.15,0.105815955
6.16,0.105715449
6.17,0.10561521
6.18,0.105515207
6.19,0.105415479
6.2,0.105315986
6.21,0.105216756
6.22,0.105117779
6.23,0.105019042
6.24,0.104920568
6.25,0.104822332
6.26,0.104724346
6.27,0.104626608
6.28,0.104529117
6.29,0.104431863
6.3,0.104334864
6.31,0.104238099
6.32,0.104141578
6.33,0.104045291
6.34,0.103949256
6.35,0.103853451
6.36,0.103757887
6.37,0.103662562
6.38,0.103567466
6.39,0.103472608
6.4,0.103377997
6.41,0.103283602
6.42,0.103189443
6.43,0.103095527
6.44,0.103001827
6.45,0.102908358
6.46,0.102815133
6.47,0.102722118
6.48,0.102629343
6.49,0.10253679
6.5,0.102444464
6.51,0.102352366
6.52,0.102260476
6.53,0.102168822
6.54,0.102077395
6.55,0.101986182
6.56,0.101895183
6.57,0.101804408
6.58,0.101713856
6.59,0.101623526
6.6,0.101533396
6.61,0.101443497
6.62,0.101353809
6.63,0.101264328
6.64,0.101175076
6.65,0.101086031
6.66,0.100997193
6.67,0.100908561
6.68,0.100820155
6.69,0.100731952
6.7,0.100643954
6.71,0.100556168
6.72,0.100468586
6.73,0.100381224
6.74,0.100294054
6.75,0.100207093
6.76,0.100120333
6.77,0.100033781
6.78,0.099947436
6.79,0.099861281
6.8,0.09977533
6.81,0.099689586
6.82,0.099604038
6.83,0.099518694
6.84,0.099433544
6.85,0.099348587
6.86,0.099263833
6.87,0.09917927
6.88,0.099094909
6.89,0.099010739
6.9,0.098926768
6.91,0.098842977
6.92,0.098759395
6.93,0.098675989
6.94,0.098592782
6.95,0.098509771
6.96,0.098426936
6.97,0.098344307
6.98,0.098261852
6.99,0.098179592
7,0.098104309
7.01,0.098043322
7.02,0.097982636
7.03,0.097922243
7.04,0.097862124
7.05,0.097802292
7.06,0.097742762
7.07,0.097683503
7.08,0.097624536
7.09,0.097565844
7.1,0.097507436
7.11,0.09744931
7.12,0.097391465
7.13,0.097333889
7.14,0.097276591
7.15,0.09721957
7.16,0.097162817
7.17,0.097100572
7.18,0.097013001
7.19,0.096925721
7.2,0.09683872
7.21,0.096751994
7.22,0.096665552
7.23,0.096579377
7.24,0.096493476
7.25,0.096407861
7.26,0.096322513
7.27,0.096237446
7.28,0.096152636
7.29,0.096068101
7.3,0.095983839
7.31,0.095899837
7.32,0.095816104
7.33,0.095732644
7.34,0.095649447
7.35,0.095566513
7.36,0.095483839
7.37,0.095401426
7.38,0.095319285
7.39,0.095237389
7.4,0.095155762
7.41,0.095074389
7.42,0.094993271
7.43,0.094912411
7.44,0.0948318
7.45,0.094751445
7.46,0.094671352
7.47,0.094591506
7.48,0.0945119
7.49,0.094432566
7.5,0.09435346
7.51,0.09427461
7.52,0.094196014
7.53,0.094117657
7.54,0.094039542
7.55,0.093961671
7.56,0.093884052
7.57,0.093806675
7.58,0.093729529
7.59,0.093652624
7.6,0.093575975
7.61,0.093499546
7.62,0.093423366
7.63,0.09334742
7.64,0.09327171
7.65,0.093196236
7.66,0.093120996
7.67,0.093045988
7.68,0.092971223
7.69,0.092896678
7.7,0.092822361
7.71,0.092748279
7.72,0.092674422
7.73,0.092600795
7.74,0.092527408
7.75,0.092454234
7.76,0.092381295
7.77,0.092308573
7.78,0.092236076
7.79,0.092163799
7.8,0.092091751
7.81,0.092019917
7.82,0.091948318
7.83,0.091876927
7.84,0.091805767
7.85,0.091734807
7.86,0.091664072
7.87,0.091593566
7.88,0.091523259
7.89,0.091453175
7.9,0.091383315
7.91,0.091313647
7.92,0.091244206
7.93,0.091174977
7.94,0.091105959
7.95,0.091037153
7.96,0.090968548
7.97,0.090900152
7.98,0.090831977
7.99,0.090763997
8,0.090696225
8.01,0.090628672
8.02,0.090561313
8.03,0.090494161
8.04,0.090427214
8.05,0.090360458
8.06,0.090293929
8.07,0.090227581
8.08,0.090161434
8.09,0.090095499
8.1,0.090026897
8.11,0.08995846
8.12,0.089890244
8.13,0.089822241
8.14,0.089754448
8.15,0.089686869
8.16,0.089619512
8.17,0.089552364
8.18,0.089485423
8.19,0.089418691
8.2,0.08935218
8.21,0.08928587
8.22,0.089219767
8.23,0.089153885
8.24,0.089088203
8.25,0.089022722
8.26,0.088957451
8.27,0.088892379
8.28,0.088827517
8.29,0.088762854
8.3,0.088698399
8.31,0.088634153
8.32,0.088570089
8.33,0.088506244
8.34,0.08844259
8.35,0.088379138
8.36,0.088315883
8.37,0.088252815
8.38,0.088189957
8.39,0.088127295
8.4,0.088064823
8.41,0.088002542
8.42,0.087940464
8.43,0.087878572
8.44,0.087816883
8.45,0.087755368
8.46,0.087694052
8.47,0.087632939
8.48,0.087571997
8.49,0.087511254
8.5,0.087450709
8.51,0.087390334
8.52,0.087330157
8.53,0.087270156
8.54,0.087210347
8.55,0.087150722
8.56,0.087091287
8.57,0.087032028
8.58,0.086972954
8.59,0.086914069
8.6,0.086855359
8.61,0.086786218
8.62,0.086722534
8.63,0.086659027
8.64,0.086595688
8.65,0.086532511
8.66,0.086469511
8.67,0.086406679
8.68,0.086344002
8.69,0.086281508
8.7,0.086219174
8.71,0.086157001
8.72,0.086094983
8.73,0.086033136
8.74,0.085971463
8.75,0.085909935
8.76,0.085848576
8.77,0.085787377
8.78,0.085726341
8.79,0.085665468
8.8,0.085604749
8.81,0.085544194
8.82,0.085483785
8.83,0.085423548
8.84,0.085363454
8.85,0.085303532
8.86,0.085243756
8.87,0.085184133
8.88,0.085124669
8.89,0.085065362
8.9,0.085006209
8.91,0.084947209
8.92,0.084888356
8.93,0.084829654
8.94,0.084771106
8.95,0.084712708
8.96,0.084654465
8.97,0.084596364
8.98,0.084538417
8.99,0.084480617
9,0.084422977
9.01,0.084365469
9.02,0.084308112
9.03,0.084250903
9.04,0.084193842
9.05,0.084136926
9.06,0.084080153
9.07,0.084023525
9.08,0.083967044
9.09,0.083910702
9.1,0.083854502
9.11,0.083798452
9.12,0.083742536
9.13,0.08368676
9.14,0.083631134
9.15,0.083575652
9.16,0.083520299
9.17,0.08346508
9.18,0.083410019
9.19,0.083355086
9.2,0.083300283
9.21,0.083245625
9.22,0.083191107
9.23,0.08313672
9.24,0.083082475
9.25,0.083028357
9.26,0.082974377
9.27,0.082920536
9.28,0.082866838
9.29,0.082813255
9.3,0.082759813
9.31,0.082706506
9.32,0.082653326
9.33,0.082600284
9.34,0.082547374
9.35,0.082494581
9.36,0.08244193
9.37,0.082389407
9.38,0.082337022
9.39,0.082284761
9.4,0.082232624
9.41,0.082180611
9.42,0.08212873
9.43,0.082076992
9.44,0.082025367
9.45,0.081973864
9.46,0.081922493
9.47,0.081871241
9.48,0.081820123
9.49,0.081769123
9.5,0.081718255
9.51,0.081667507
9.52,0.08161688
9.53,0.081566378
9.54,0.081516008
9.55,0.081465743
9.56,0.081415612
9.57,0.081365592
9.58,0.081315691
9.59,0.081265921
9.6,0.081216278
9.61,0.081166736
9.62,0.081117322
9.63,0.081068027
9.64,0.081018855
9.65,0.080969807
9.66,0.080920866
9.67,0.080872034
9.68,0.080823334
9.69,0.080774741
9.7,0.080726271
9.71,0.080677919
9.72,0.080629668
9.73,0.080581548
9.74,0.080533531
9.75,0.080485634
9.76,0.080437859
9.77,0.080390185
9.78,0.080342625
9.79,0.080295183
9.8,0.080247849
9.81,0.080200636
9.82,0.08015352
9.83,0.080106517
9.84,0.080059633
9.85,0.080012854
9.86,0.079966185
9.87,0.079919635
9.88,0.079873188
9.89,0.079826851
9.9,0.079780622
9.91,0.0797345
9.92,0.079688492
9.93,0.079642582
9.94,0.079596785
9.95,0.079551096
9.96,0.07950551
9.97,0.079460029
9.98,0.079414666
9.99,0.079369391
10,0.079324227
10.01,0.079306833
10.02,0.079287904
10.03,0.079269028
10.04,0.079250193
10.05,0.079231411
10.06,0.079212681
10.07,0.079194003
10.08,0.079175367
10.09,0.079156788
10.1,0.079138256
10.11,0.079119765
10.12,0.079101327
10.13,0.07908294
10.14,0.079064601
10.15,0.079046304
10.16,0.079028058
10.17,0.079009858
10.18,0.078991706
10.19,0.078973601
10.2,0.078955552
10.21,0.07893754
10.22,0.078919574
10.23,0.078901651
10.24,0.07888379
10.25,0.07886596
10.26,0.078848187
10.27,0.07883045
10.28,0.07881276
10.29,0.078795117
10.3,0.078777525
10.31,0.078759981
10.32,0.078742472
10.33,0.078725009
10.34,0.078707589
10.35,0.078690216
10.36,0.078672894
10.37,0.078655618
10.38,0.078638379
10.39,0.078621182
10.4,0.07860403
10.41,0.07858692
10.42,0.078569857
10.43,0.078552835
10.44,0.078535859
10.45,0.078518915
10.46,0.078502027
10.47,0.078485181
10.48,0.07846838
10.49,0.078451612
10.5,0.078434895
10.51,0.078418209
10.52,0.078401579
10.53,0.078384981
10.54,0.078368428
10.55,0.078351913
10.56,0.078335442
10.57,0.078319004
10.58,0.078302632
10.59,0.078286276
10.6,0.078269965
10.61,0.078253706
10.62,0.078237479
10.63,0.078221292
10.64,0.078205147
10.65,0.078189043
10.66,0.078172974
10.67,0.078156952
10.68,0.078140971
10.69,0.078125026
10.7,0.078109117
10.71,0.078093254
10.72,0.078077417
10.73,0.078061631
10.74,0.078045886
10.75,0.078030172
10.76,0.078014499
10.77,0.077998866
10.78,0.077983264
10.79,0.07796771
10.8,0.077952195
10.81,0.077936716
10.82,0.077921269
10.83,0.077905857
10.84,0.077890495
10.85,0.07787517
10.86,0.077859876
10.87,0.077844617
10.88,0.07782939
10.89,0.077814212
10.9,0.077799076
10.91,0.077783956
10.92,0.077768886
10.93,0.077753852
10.94,0.077738848
10.95,0.077723885
10.96,0.077708969
10.97,0.077694072
10.98,0.077679221
10.99,0.077664401
11,0.077649617
11.01,0.077634873
11.02,0.077620155
11.03,0.077605483
11.04,0.077590845
11.05,0.077576229
11.06,0.077561663
11.07,0.077547123
11.08,0.077532623
11.09,0.077518148
11.1,0.07750372
11.11,0.077489311
11.12,0.077474959
11.13,0.077460621
11.14,0.077446324
11.15,0.077432062
11.16,0.077417825
11.17,0.077403637
11.18,0.077389475
11.19,0.077375349
11.2,0.077361249
11.21,0.077347187
11.22,0.07733316
11.23,0.077319169
11.24,0.077305204
11.25,0.077291276
11.26,0.077277373
11.27,0.077263506
11.28,0.077249685
11.29,0.077235879
11.3,0.07722211
11.31,0.077208375
11.32,0.077194676
11.33,0.077181002
11.34,0.077167364
11.35,0.07715376
11.36,0.077140182
11.37,0.077126639
11.38,0.077113121
11.39,0.077099648
11.4,0.077086189
11.41,0.077072775
11.42,0.077059386
11.43,0.077046022
11.44,0.077032702
11.45,0.077019406
11.46,0.077006144
11.47,0.076971259
11.48,0.076955234
11.49,0.076939258
11.5,0.076923312
11.51,0.076907403
11.52,0.076891523
11.53,0.076875682
11.54,0.076859879
11.55,0.076844103
11.56,0.076828367
11.57,0.076812659
11.58,0.076796988
11.59,0.076781356
11.6,0.076765751
11.61,0.076750185
11.62,0.076734646
11.63,0.076719156
11.64,0.076703682
11.65,0.076688246
11.66,0.076672848
11.67,0.076657487
11.68,0.076642144
11.69,0.076626847
11.7,0.076611579
11.71,0.076596336
11.72,0.076581141
11.73,0.076565964
11.74,0.076550832
11.75,0.076535728
11.76,0.076520651
11.77,0.07650562
11.78,0.076490606
11.79,0.076475628
11.8,0.076460687
11.81,0.076445773
11.82,0.076430895
11.83,0.076416043
11.84,0.076401226
11.85,0.076386447
11.86,0.076371693
11.87,0.076356965
11.88,0.076342284
11.89,0.076327618
11.9,0.076312987
11.91,0.076298394
11.92,0.076283825
11.93,0.076269291
11.94,0.076254783
11.95,0.076240311
11.96,0.076225875
11.97,0.076211454
11.98,0.076197077
11.99,0.076182726
12,0.076168401
12.01,0.07615411
12.02,0.076139844
12.03,0.076125613
12.04,0.076111417
12.05,0.076097246
12.06,0.0760831
12.07,0.076068988
12.08,0.076054911
12.09,0.076040858
12.1,0.07602684
12.11,0.076012847
12.12,0.075998876
12.13,0.075984942
12.14,0.075971031
12.15,0.075957164
12.16,0.075943312
12.17,0.075929493
12.18,0.075915698
12.19,0.075901938
12.2,0.075888202
12.21,0.075874508
12.22,0.075860829
12.23,0.075847183
12.24,0.075833562
12.25,0.075819964
12.26,0.075806409
12.27,0.075792878
12.28,0.075779369
12.29,0.075765885
12.3,0.075752433
12.31,0.075739015
12.32,0.07572562
12.33,0.075712258
12.34,0.075698909
12.35,0.075685603
12.36,0.075672321
12.37,0.07565906
12.38,0.075645833
12.39,0.075632628
12.4,0.075619456
12.41,0.075606307
12.42,0.07559319
12.43,0.075580086
12.44,0.075567024
12.45,0.075553985
12.46,0.075540968
12.47,0.075527973
12.48,0.075515021
12.49,0.075502091
12.5,0.075489182
12.51,0.075476296
12.52,0.075463442
12.53,0.07545062
12.54,0.07543781
12.55,0.075425031
12.56,0.075412284
12.57,0.075399559
12.58,0.075386856
12.59,0.075374184
12.6,0.075361545
12.61,0.075348916
12.62,0.07533632
12.63,0.075323754
12.64,0.075311209
12.65,0.075298686
12.66,0.075286195
12.67,0.075273725
12.68,0.075261285
12.69,0.075248867
12.7,0.075236481
12.71,0.075224105
12.72,0.075211759
12.73,0.075199445
12.74,0.075187151
12.75,0.075174889
12.76,0.075162637
12.77,0.075150427
12.78,0.075138226
12.79,0.075126056
12.8,0.075113916
12.81,0.075101787
12.82,0.07508969
12.83,0.075077621
12.84,0.075065573
12.85,0.075053547
12.86,0.075041549
12.87,0.075029572
12.88,0.075017615
12.89,0.075005689
12.9,0.074993782
12.91,0.074981906
12.92,0.07497005
12.93,0.074958212
12.94,0.074946406
12.95,0.074934619
12.96,0.074922852
12.97,0.074911114
12.98,0.074899396
12.99,0.074887708
13,0.074876039
13.01,0.07486439
13.02,0.07485277
13.03,0.07484117
13.04,0.074829589
13.05,0.074818038
13.06,0.074806505
13.07,0.074794992
13.08,0.074783509
13.09,0.074772044
13.1,0.074760609
13.11,0.074749183
13.12,0.074737795
13.13,0.074726426
13.14,0.074715067
13.15,0.074703736
13.16,0.074692435
13.17,0.074681152
13.18,0.074669888
13.19,0.074658652
13.2,0.074647435
13.21,0.074636237
13.22,0.074625068
13.23,0.074613916
13.24,0.074602784
13.25,0.074591679
13.26,0.074580594
13.27,0.074569527
13.28,0.074558478
13.29,0.074547466
13.3,0.074536464
13.31,0.074525489
13.32,0.074514534
13.33,0.074503596
13.34,0.074492675
13.35,0.074481793
13.36,0.074470919
13.37,0.074460063
13.38,0.074449235
13.39,0.074438424
13.4,0.074427642
13.41,0.074416877
13.42,0.074406129
13.43,0.07439541
13.44,0.074384699
13.45,0.074374014
13.46,0.074363358
13.47,0.074352718
13.48,0.074342097
13.49,0.074331493
13.5,0.074320916
13.51,0.074310357
13.52,0.074299815
13.53,0.0742893
13.54,0.074278802
13.55,0.074268322
13.56,0.074257869
13.57,0.074247433
13.58,0.074237004
13.59,0.074226611
13.6,0.074216227
13.61,0.074205868
13.62,0.074195537
13.63,0.074185223
13.64,0.074174925
13.65,0.074164645
13.66,0.074154381
13.67,0.074144145
13.68,0.074133924
13.69,0.07412372
13.7,0.074113542
13.71,0.074103382
13.72,0.074093238
13.73,0.074083121
13.74,0.07407302
13.75,0.074062935
13.76,0.074052866
13.77,0.074042825
13.78,0.074032799
13.79,0.07402279
13.8,0.074012807
13.81,0.07400283
13.82,0.073992879
13.83,0.073982955
13.84,0.073973046
13.85,0.073963144
13.86,0.073953277
13.87,0.073943416
13.88,0.073933582
13.89,0.073923763
13.9,0.073913961
13.91,0.073904184
13.92,0.073894413
13.93,0.073884678
13.94,0.073874948
13.95,0.073865244
13.96,0.073855556
13.97,0.073845884
13.98,0.073836227
13.99,0.073826595
14,0.073816979
14.01,0.073807378
14.02,0.073797803
14.03,0.073788234
14.04,0.073778689
14.05,0.073769171
14.06,0.073759657
14.07,0.073750169
14.08,0.073740696
14.09,0.073731238
14.1,0.073721795
14.11,0.073712388
14.12,0.073702985
14.13,0.073693598
14.14,0.073684226
14.15,0.073674878
14.16,0.073665546
14.17,0.073656239
14.18,0.073646936
14.19,0.073637658
14.2,0.073628396
14.21,0.073619148
14.22,0.073609924
14.23,0.073600716
14.24,0.073591522
14.25,0.073582343
14.26,0.073573179
14.27,0.073564049
14.28,0.073554924
14.29,0.073545813
14.3,0.073536717
14.31,0.073527645
14.32,0.073518588
14.33,0.073509544
14.34,0.073500526
14.35,0.073491512
14.36,0.073482522
14.37,0.073473546
14.38,0.073464595
14.39,0.073455648
14.4,0.073446725
14.41,0.073437817
14.42,0.073428922
14.43,0.073420052
14.44,0.073411195
14.45,0.073402352
14.46,0.073393524
14.47,0.07338471
14.48,0.07337592
14.49,0.073367143
14.5,0.07335838
14.51,0.073349641
14.52,0.073340906
14.53,0.073332195
14.54,0.073323498
14.55,0.073314824
14.56,0.073306154
14.57,0.073297508
14.58,0.073288864
14.59,0.073280246
14.6,0.07327165
14.61,0.073263068
14.62,0.07325449
14.63,0.073245935
14.64,0.073237394
14.65,0.073228875
14.66,0.073220371
14.67,0.073211879
14.68,0.073203402
14.69,0.073194937
14.7,0.073186486
14.71,0.073178068
14.72,0.073169643
14.73,0.073161241
14.74,0.073152862
14.75,0.073144488
14.76,0.073136135
14.77,0.073127796
14.78,0.07311947
14.79,0.073111167
14.8,0.073102867
14.81,0.07309459
14.82,0.073086326
14.83,0.073078075
14.84,0.073069847
14.85,0.073061621
14.86,0.073053419
14.87,0.073045239
14.88,0.073037062
14.89,0.073028897
14.9,0.073020756
14.91,0.073012617
14.92,0.073004511
14.93,0.072996407
14.94,0.072988317
14.95,0.072980248
14.96,0.072972193
14.97,0.07296414
14.98,0.072956119
14.99,0.0729481
15,0.072940104
15.01,0.072932121
15.02,0.07292415
15.03,0.072916191
15.04,0.072908245
15.05,0.072900321
15.06,0.072892409
15.07,0.072884499
15.08,0.072876622
15.09,0.072868748
15.1,0.072860894
15.11,0.072853044
15.12,0.072845216
15.13,0.072837399
15.14,0.072829605
15.15,0.072821812
15.16,0.072814042
15.17,0.072806274
15.18,0.072798527
15.19,0.072790803
15.2,0.072783081
15.21,0.072775381
15.22,0.072767682
15.23,0.072760005
15.24,0.07275234
15.25,0.072744698
15.26,0.072737055
15.27,0.072729436
15.28,0.072721828
15.29,0.072714232
15.3,0.072706647
15.31,0.072699075
15.32,0.072691523
15.33,0.072683973
15.34,0.072676446
15.35,0.072668929
15.36,0.072661434
15.37,0.07265394
15.38,0.072646468
15.39,0.072638997
15.4,0.072631549
15.41,0.072624111
15.42,0.072616694
15.43,0.072609279
15.44,0.072601885
15.45,0.072594493
15.46,0.072587122
15.47,0.072579772
15.48,0.072572423
15.49,0.072565086
15.5,0.07255777
15.51,0.072550455
15.52,0.072543171
15.53,0.072535888
15.54,0.072528616
15.55,0.072521355
15.56,0.072514116
15.57,0.072506886
15.58,0.072499669
15.59,0.072492463
15.6,0.072485267
15.61,0.072478092
15.62,0.072470918
15.63,0.072463765
15.64,0.072456623
15.65,0.072449492
15.66,0.072442371
15.67,0.072435271
15.68,0.072428182
15.69,0.072421094
15.7,0.072414026
15.71,0.072406969
15.72,0.072399923
15.73,0.072392887
15.74,0.072385873
15.75,0.072378868
15.76,0.072371875
15.77,0.072364892
15.78,0.072357919
15.79,0.072350957
15.8,0.072344016
15.81,0.072337074
15.82,0.072330153
15.83,0.072323243
15.84,0.072316334
15.85,0.072309453
15.86,0.072302575
15.87,0.072295716
15.88,0.072288858
15.89,0.07228202
15.9,0.072275191
15.91,0.072268374
15.92,0.072261576
15.93,0.072254779
15.94,0.072247992
15.95,0.072241225
15.96,0.072234469
15.97,0.072227722
15.98,0.072220985
15.99,0.072214269
16,0.072207552
16.01,0.072200856
16.02,0.07219416
16.03,0.072187484
16.04,0.072180818
16.05,0.072174161
16.06,0.072167524
16.07,0.072160888
16.08,0.072154271
16.09,0.072147655
16.1,0.072141058
16.11,0.072134471
16.12,0.072127903
16.13,0.072121335
16.14,0.072114777
16.15,0.07210824
16.16,0.072101701
16.17,0.072095182
16.18,0.072088674
16.19,0.072082175
16.2,0.072075695
16.21,0.072069215
16.22,0.072062744
16.23,0.072056294
16.24,0.072049852
16.25,0.07204342
16.26,0.072036998
16.27,0.072030586
16.28,0.072024192
16.29,0.072017798
16.3,0.072011424
16.31,0.072005059
16.32,0.071998694
16.33,0.071992348
16.34,0.07198602
16.35,0.071979693
16.36,0.071973375
16.37,0.071967075
16.38,0.071960776
16.39,0.071954507
16.4,0.071948225
16.41,0.071941963
16.42,0.071935721
16.43,0.071929477
16.44,0.071923243
16.45,0.071917028
16.46,0.071910822
16.47,0.071904615
16.48,0.071898427
16.49,0.071892259
16.5,0.071886089
16.51,0.071879928
16.52,0.071873786
16.53,0.071867644
16.54,0.071861519
16.55,0.071855405
16.56,0.071849299
16.57,0.071843202
16.58,0.071837114
16.59,0.071831035
16.6,0.071824974
16.61,0.071818923
16.62,0.071812871
16.63,0.071806837
16.64,0.071800812
16.65,0.071794795
16.66,0.071788797
16.67,0.071782799
16.68,0.071776808
16.69,0.071770837
16.7,0.071764865
16.71,0.07175891
16.72,0.071752965
16.73,0.071747028
16.74,0.0717411
16.75,0.07173519
16.76,0.071729279
16.77,0.071723387
16.78,0.071717493
16.79,0.071711617
16.8,0.07170575
16.81,0.071699892
16.82,0.071694042
16.83,0.0716882
16.84,0.071682377
16.85,0.071676551
16.86,0.071670735
16.87,0.071664937
16.88,0.071659147
16.89,0.071653366
16.9,0.071647593
16.91,0.071641828
16.92,0.071636071
16.93,0.071630333
16.94,0.071624593
16.95,0.071618872
16.96,0.071613148
16.97,0.071607442
16.98,0.071601745
16.99,0.071596056
17,0.071590375
17.01,0.071584702
17.02,0.071579047
17.03,0.071573391
17.04,0.071567752
17.05,0.071562121
17.06,0.071556489
17.07,0.071550874
17.08,0.071545267
17.09,0.071539669
17.1,0.071534088
17.11,0.071528506
17.12,0.071522931
17.13,0.071517374
17.14,0.071511826
17.15,0.071506285
17.16,0.071500742
17.17,0.071495216
17.18,0.071489699
17.19,0.071484189
17.2,0.071478697
17.21,0.071473203
17.22,0.071467727
17.23,0.071462248
17.24,0.071456787
17.25,0.071451335
17.26,0.071445889
17.27,0.071440451
17.28,0.071435021
17.29,0.071429598
17.3,0.071424183
17.31,0.071418786
17.32,0.071413397
17.33,0.071408005
17.34,0.071402631
17.35,0.071397264
17.36,0.071391904
17.37,0.071386552
17.38,0.071381208
17.39,0.071375872
17.4,0.071370541
17.41,0.071365229
17.42,0.071359925
17.43,0.071354618
17.44,0.071349329
17.45,0.071344046
17.46,0.071338762
17.47,0.071333494
17.48,0.071328244
17.49,0.071322991
17.5,0.071317745
17.51,0.071312516
17.52,0.071307286
17.53,0.071302072
17.54,0.071296866
17.55,0.071291656
17.56,0.071286464
17.57,0.07128128
17.58,0.071276102
17.59,0.071270931
17.6,0.071265778
17.61,0.071260621
17.62,0.071255473
17.63,0.071250341
17.64,0.071245215
17.65,0.071240098
17.66,0.071234977
17.67,0.071229873
17.68,0.071224777
17.69,0.071219687
17.7,0.071214615
17.71,0.071209538
17.72,0.07120447
17.73,0.071199418
17.74,0.071194363
17.75,0.071189325
17.76,0.071184294
17.77,0.07117927
17.78,0.071174253
17.79,0.071169233
17.8,0.071164239
17.81,0.071159243
17.82,0.071154253
17.83,0.07114928
17.84,0.071144303
17.85,0.071139344
17.86,0.071134381
17.87,0.071129435
17.88,0.071124486
17.89,0.071119563
17.9,0.071114637
17.91,0.071109718
17.92,0.071104805
17.93,0.0710999
17.94,0.071095011
17.95,0.071090118
17.96,0.071085232
17.97,0.071080363
17.98,0.071075499
17.99,0.071070643
18,0.071065794
18.01,0.07106094
18.02,0.071056114
18.03,0.071051274
18.04,0.07104646
18.05,0.071041644
18.06,0.071036832
18.07,0.071032038
18.08,0.071027241
18.09,0.071022459
18.1,0.071017684
18.11,0.071012915
18.12,0.071008154
18.13,0.071003388
18.14,0.070998638
18.15,0.070993895
18.16,0.070989169
18.17,0.070984438
18.18,0.070979714
18.19,0.070975006
18.2,0.070970295
18.21,0.070965599
18.22,0.070960909
18.23,0.070956216
18.24,0.07095155
18.25,0.07094687
18.26,0.070942205
18.27,0.070937557
18.28,0.070932895
18.29,0.070928259
18.3,0.07092362
18.31,0.070918996
18.32,0.070914369
18.33,0.070909758
18.34,0.070905142
18.35,0.070900543
18.36,0.07089595
18.37,0.070891362
18.38,0.070886771
18.39,0.070882206
18.4,0.070877626
18.41,0.070873074
18.42,0.070868517
18.43,0.070863965
18.44,0.07085943
18.45,0.07085489
18.46,0.070850368
18.47,0.07084584
18.48,0.070841328
18.49,0.070836822
18.5,0.070832322
18.51,0.070827828
18.52,0.070823339
18.53,0.070818857
18.54,0.070814381
18.55,0.07080991
18.56,0.070805454
18.57,0.070800995
18.58,0.070796552
18.59,0.070792104
18.6,0.070787672
18.61,0.070783245
18.62,0.070778815
18.63,0.070774399
18.64,0.07076999
18.65,0.070765587
18.66,0.070761189
18.67,0.070756796
18.68,0.07075241
18.69,0.070748028
18.7,0.070743663
18.71,0.070739292
18.72,0.070734938
18.73,0.07073058
18.74,0.070726226
18.75,0.070721888
18.76,0.070717556
18.77,0.070713229
18.78,0.070708908
18.79,0.070704592
18.8,0.070700282
18.81,0.070695977
18.82,0.070691677
18.83,0.070687394
18.84,0.070683105
18.85,0.070678822
18.86,0.070674554
18.87,0.070670282
18.88,0.070666025
18.89,0.070661763
18.9,0.070657517
18.91,0.070653275
18.92,0.07064904
18.93,0.070644809
18.94,0.070640585
18.95,0.070636365
18.96,0.07063215
18.97,0.070627941
18.98,0.070623747
18.99,0.070619548
19,0.070615354
19.01,0.070611166
19.02,0.070606992
19.03,0.070602824
19.04,0.070598651
19.05,0.070594494
19.06,0.070590342
19.07,0.070586194
19.08,0.070582052
19.09,0.070577915
19.1,0.070573782
19.11,0.070569655
19.12,0.070565533
19.13,0.070561416
19.14,0.070557314
19.15,0.070553208
19.16,0.070549106
19.17,0.070545019
19.18,0.070540928
19.19,0.07053685
19.2,0.070532778
19.21,0.070528701
19.22,0.07052465
19.23,0.070520583
19.24,0.070516531
19.25,0.070512493
19.26,0.070508441
19.27,0.070504414
19.28,0.070500371
19.29,0.070496353
19.3,0.07049234
19.31,0.070488322
19.32,0.070484309
19.33,0.070480301
19.34,0.070476308
19.35,0.070472319
19.36,0.070468325
19.37,0.070464346
19.38,0.070460371
19.39,0.070456401
19.4,0.070452437
19.41,0.070448477
19.42,0.070444521
19.43,0.07044057
19.44,0.070436624
19.45,0.070432683
19.46,0.070428756
19.47,0.070424824
19.48,0.070420896
19.49,0.070416984
19.5,0.070413066
19.51,0.070409162
19.52,0.070405263
19.53,0.070401359
19.54,0.070397469
19.55,0.070393584
19.56,0.070389703
19.57,0.070385827
19.58,0.070381955
19.59,0.070378087
19.6,0.070374225
19.61,0.070370367
19.62,0.070366523
19.63,0.070362674
19.64,0.070358829
19.65,0.070354989
19.66,0.070351163
19.67,0.070347331
19.68,0.070343515
19.69,0.070339702
19.7,0.070335884
19.71,0.07033208
19.72,0.070328271
19.73,0.070324475
19.74,0.070320694
19.75,0.070316898
19.76,0.070313116
19.77,0.070309338
19.78,0.070305575
19.79,0.070301805
19.8,0.070298041
19.81,0.07029428
19.82,0.070290524
19.83,0.070286781
19.84,0.070283043
19.85,0.0702793
19.86,0.07027557
19.87,0.070271835
19.88,0.070268114
19.89,0.070264387
19.9,0.070260674
19.91,0.070256966
19.92,0.070253262
19.93,0.070249561
19.94,0.070245855
19.95,0.070242173
19.96,0.070238485
19.97,0.070234801
19.98,0.070231121
19.99,0.070227446
20,0.070223784
20.01,0.070220117
20.02,0.070216463
20.03,0.070212803
20.04,0.070209149
20.05,0.070205506
20.06,0.07020187
20.07,0.070198225
20.08,0.070194596
20.09,0.07019097
20.1,0.070187349
20.11,0.070183731
20.12,0.070180108
20.13,0.070176508
20.14,0.070172892
20.15,0.0701693
20.16,0.070165691
20.17,0.070162108
20.18,0.070158517
20.19,0.070154931
20.2,0.070151358
20.21,0.07014778
20.22,0.070144204
20.23,0.070140643
20.24,0.070137076
20.25,0.070133522
20.26,0.070129963
20.27,0.070126417
20.28,0.070122874
20.29,0.070119336
20.3,0.070115801
20.31,0.07011226
20.32,0.070108733
20.33,0.070105209
20.34,0.070101689
20.35,0.070098183
20.36,0.070094661
20.37,0.070091162
20.38,0.070087646
20.39,0.070084155
20.4,0.070080657
20.41,0.070077163
20.42,0.070073682
20.43,0.070070196
20.44,0.070066722
20.45,0.070063252
20.46,0.070059776
20.47,0.070056314
20.48,0.070052844
20.49,0.070049389
20.5,0.070045937
20.51,0.070042478
20.52,0.070039043
20.53,0.070035591
20.54,0.070032154
20.55,0.070028729
20.56,0.070025288
20.57,0.07002187
20.58,0.070018436
20.59,0.070015025
20.6,0.070011608
20.61,0.070008195
20.62,0.070004795
20.63,0.070001387
20.64,0.069997984
20.65,0.069994594
20.66,0.069991197
20.67,0.069987814
20.68,0.069984424
20.69,0.069981047
20.7,0.069977663
20.71,0.069974293
20.72,0.069970926
20.73,0.069967563
20.74,0.069964203
20.75,0.069960846
20.76,0.069957492
20.77,0.069954142
20.78,0.069950795
20.79,0.069947451
20.8,0.069944111
20.81,0.069940773
20.82,0.069937449
20.83,0.069934118
20.84,0.06993079
20.85,0.069927466
20.86,0.069924154
20.87,0.069920836
20.88,0.069917522
20.89,0.069914219
20.9,0.069910911
20.91,0.069907615
20.92,0.069904313
20.93,0.069901023
20.94,0.069897737
20.95,0.069894453
20.96,0.069891173
20.97,0.069887887
20.98,0.069884613
20.99,0.069881342
21,0.069878074
21.01,0.069874809
21.02,0.069871547
21.03,0.069868288
21.04,0.069865043
21.05,0.06986179
21.06,0.06985854
21.07,0.069855293
21.08,0.06985205
21.09,0.069848819
21.1,0.06984558
21.11,0.069842355
21.12,0.069839124
21.13,0.069835904
21.14,0.069832678
21.15,0.069829464
21.16,0.069826244
21.17,0.069823036
21.18,0.069819832
21.19,0.06981662
21.2,0.069813421
21.21,0.069810225
21.22,0.069807022
21.23,0.069803841
21.24,0.069800644
21.25,0.069797458
21.26,0.069794287
21.27,0.069791097
21.28,0.069787931
21.29,0.069784747
21.3,0.069781586
21.31,0.069778418
21.32,0.069775253
21.33,0.0697721
21.34,0.06976894
21.35,0.069765782
21.36,0.069762638
21.37,0.069759485
21.38,0.069756347
21.39,0.0697532
21.4,0.069750066
21.41,0.069746925
21.42,0.069743796
21.43,0.069740671
21.44,0.069737537
21.45,0.069734416
21.46,0.069731298
21.47,0.069728183
21.48,0.06972507
21.49,0.06972195
21.5,0.069718842
21.51,0.069715737
21.52,0.069712634
21.53,0.069709534
21.54,0.069706437
21.55,0.069703352
21.56,0.069700249
21.57,0.069697169
21.58,0.069694081
21.59,0.069690997
21.6,0.069687924
21.61,0.069684844
21.62,0.069681767
21.63,0.069678692
21.64,0.069675629
21.65,0.069672569
21.66,0.069669502
21.67,0.069666446
21.68,0.069663383
21.69,0.069660333
21.7,0.069657285
21.71,0.069654229
21.72,0.069651185
21.73,0.069648135
21.74,0.069645096
21.75,0.06964206
21.76,0.069639026
21.77,0.069635994
21.78,0.069632965
21.79,0.069629938
21.8,0.069626913
21.81,0.069623891
21.82,0.069620871
21.83,0.069617854
21.84,0.069614838
21.85,0.069611834
21.86,0.069608813
21.87,0.069605815
21.88,0.069602808
21.89,0.069599804
21.9,0.069596802
21.91,0.069593812
21.92,0.069590824
21.93,0.069587829
21.94,0.069584836
21.95,0.069581854
21.96,0.069578875
21.97,0.069575889
21.98,0.069572914
21.99,0.069569942
22,0.069566961
22.01,0.069563993
22.02,0.069561027
22.03,0.069558052
22.04,0.069555091
22.05,0.069552131
22.06,0.069549174
22.07,0.069546217
22.08,0.069543264
22.09,0.069540312
22.1,0.069537352
22.11,0.069534415
22.12,0.069531469
22.13,0.069528526
22.14,0.069525585
22.15,0.069522646
22.16,0.069519708
22.17,0.069516772
22.18,0.069513849
22.19,0.069510918
22.2,0.069507988
22.21,0.06950507
22.22,0.069502145
22.23,0.069499231
22.24,0.069496309
22.25,0.069493389
22.26,0.069490481
22.27,0.069487565
22.28,0.069484661
22.29,0.069481758
22.3,0.069478848
22.31,0.069475949
22.32,0.069473053
22.33,0.069470158
22.34,0.069467265
22.35,0.069464363
22.36,0.069461474
22.37,0.069458586
22.38,0.069455701
22.39,0.069452807
22.4,0.069449935
22.41,0.069447054
22.42,0.069444166
22.43,0.069441299
22.44,0.069438423
22.45,0.06943555
22.46,0.069432678
22.47,0.069429809
22.48,0.06942695
22.49,0.069424074
22.5,0.069421219
22.51,0.069418357
22.52,0.069415495
22.53,0.069412645
22.54,0.069409787
22.55,0.069406931
22.56,0.069404086
22.57,0.069401233
22.58,0.069398391
22.59,0.069395542
22.6,0.069392704
22.61,0.069389867
22.62,0.069387022
22.63,0.069384189
22.64,0.069381347
22.65,0.069378517
22.66,0.069375688
22.67,0.069372851
22.68,0.069370036
22.69,0.069367202
22.7,0.069364379
22.71,0.069361559
22.72,0.069358739
22.73,0.069355921
22.74,0.069353105
22.75,0.06935029
22.76,0.069347467
22.77,0.069344665
22.78,0.069341855
22.79,0.069339046
22.8,0.069336238
22.81,0.069333432
22.82,0.069330628
22.83,0.069327835
22.84,0.069325023
22.85,0.069322233
22.86,0.069319435
22.87,0.069316637
22.88,0.069313851
22.89,0.069311056
22.9,0.069308273
22.91,0.069305481
22.92,0.069302701
22.93,0.069299911
22.94,0.069312251
22.95,0.069310081
22.96,0.069307904
22.97,0.069305738
22.98,0.069303565
22.99,0.069301403
23,0.069299244
23.01,0.069297087
23.02,0.069294932
23.03,0.06929277
23.04,0.069290619
23.05,0.06928847
23.06,0.069286314
23.07,0.06928417
23.08,0.069282027
23.09,0.069279887
23.1,0.06927775
23.11,0.069275614
23.12,0.06927348
23.13,0.069271348
23.14,0.069269219
23.15,0.069267091
23.16,0.069264965
23.17,0.069262852
23.18,0.069260721
23.19,0.069258612
23.2,0.069256495
23.21,0.06925438
23.22,0.069252276
23.23,0.069250156
23.24,0.069248057
23.25,0.06924595
23.26,0.069243855
23.27,0.069241752
23.28,0.069239652
23.29,0.069237563
23.3,0.069235467
23.31,0.069233382
23.32,0.069231289
23.33,0.069229199
23.34,0.06922712
23.35,0.069225044
23.36,0.06922296
23.37,0.069220887
23.38,0.069218807
23.39,0.069216739
23.4,0.069214672
23.41,0.069212608
23.42,0.069210535
23.43,0.069208475
23.44,0.069206416
23.45,0.069204361
23.46,0.069202306
23.47,0.069200243
23.48,0.069198193
23.49,0.069196145
23.5,0.069194098
23.51,0.069192054
23.52,0.069190011
23.53,0.06918797
23.54,0.069185932
23.55,0.069183896
23.56,0.069181861
23.57,0.069179828
23.58,0.069177807
23.59,0.069175779
23.6,0.069173752
23.61,0.069171727
23.62,0.069169704
23.63,0.069167693
23.64,0.069165664
23.65,0.069163657
23.66,0.069161642
23.67,0.069159629
23.68,0.069157627
23.69,0.069155618
23.7,0.06915362
23.71,0.069151615
23.72,0.069149621
23.73,0.06914762
23.74,0.06914562
23.75,0.069143632
23.76,0.069141646
23.77,0.069139652
23.78,0.06913767
23.79,0.069135679
23.8,0.069133701
23.81,0.069131724
23.82,0.069129741
23.83,0.069127768
23.84,0.069125797
23.85,0.069123828
23.86,0.069121861
23.87,0.069119885
23.88,0.069117922
23.89,0.069115961
23.9,0.069114001
23.91,0.069112033
23.92,0.069110078
23.93,0.069108134
23.94,0.069106172
23.95,0.069104221
23.96,0.069102273
23.97,0.069100327
23.98,0.069098382
23.99,0.069096438
24,0.069094507
24.01,0.069092558
24.02,0.069090631
24.03,0.069088695
24.04,0.069086761
24.05,0.06908483
24.06,0.0690829
24.07,0.069080981
24.08,0.069079055
24.09,0.069077131
24.1,0.069075208
24.11,0.069073297
24.12,0.069071378
24.13,0.06906946
24.14,0.069067554
24.15,0.069065641
24.16,0.069063729
24.17,0.069061829
24.18,0.06905992
24.19,0.069058024
24.2,0.069056129
24.21,0.069054226
24.22,0.069052325
24.23,0.069050435
24.24,0.069048548
24.25,0.069046652
24.26,0.069044768
24.27,0.069042885
24.28,0.069040995
24.29,0.069039116
24.3,0.069037239
24.31,0.069035354
24.32,0.06903348
24.33,0.069031609
24.34,0.069029738
24.35,0.06902787
24.36,0.069025993
24.37,0.069024129
24.38,0.069022266
24.39,0.069020405
24.4,0.069018535
24.41,0.069016687
24.42,0.069014831
24.43,0.069012967
24.44,0.069011124
24.45,0.069009263
24.46,0.069007424
24.47,0.069005577
24.48,0.069003731
24.49,0.069001887
24.5,0.069000045
24.51,0.068998204
24.52,0.068996365
24.53,0.068994528
24.54,0.068992703
24.55,0.068990859
24.56,0.068989037
24.57,0.068987207
24.58,0.068985378
24.59,0.068983561
24.6,0.068981736
24.61,0.068979912
24.62,0.0689781
24.63,0.06897628
24.64,0.068974471
24.65,0.068972654
24.66,0.06897084
24.67,0.068969026
24.68,0.068967224
24.69,0.068965424
24.7,0.068963615
24.71,0.068961818
24.72,0.068960013
24.73,0.068958219
24.74,0.068956418
24.75,0.068954628
24.76,0.068952839
24.77,0.068951042
24.78,0.068949257
24.79,0.068947473
24.8,0.068945681
24.81,0.068943901
24.82,0.068942112
24.83,0.068940335
24.84,0.06893856
24.85,0.068936786
24.86,0.068935014
24.87,0.068933233
24.88,0.068931465
24.89,0.068929697
24.9,0.068927931
24.91,0.068926168
24.92,0.068924395
24.93,0.068922634
24.94,0.068920875
24.95,0.068919117
24.96,0.068917361
24.97,0.068915607
24.98,0.068913855
24.99,0.068912103
